failure_id,machine_id,failure_timestamp,component_failed,downtime_hours,failure_severity,failure_occurred,failure_within_24h,failure_within_7d,root_cause_category,root_cause_subcategory,confidence_label,engineer_verified,pre_failure_anomaly_window_hours,max_temperature_c_72h,max_vibration_x_72h,max_motor_current_a_72h,min_lubricant_quality_72h,diagnostic_summary,recommended_action
F00001,M012,2020-01-01T06:17:00,charging_port,3.84,Moderate,1,1,1,electrical_fault,battery degradation,0.95,True,72,40.99,0.482,1.189,48.94,charging_port failed after a 72-hour electrical_fault pattern connected to battery degradation. Sensor rows in that window carry related_failure_id=F00001.,check power supply and wiring
F00002,M009,2020-01-05T08:23:00,temperature_sensor,8.5,Major,1,1,1,electrical_fault,power module fault,0.99,False,24,183.16,0.312,25.0,47.53,temperature_sensor failed after a 24-hour electrical_fault pattern connected to power module fault. Sensor rows in that window carry related_failure_id=F00002.,check power supply and wiring
F00003,M009,2020-01-07T08:40:00,temperature_sensor,60.0,Critical,1,1,1,overheating,induction coil overheating,0.87,True,72,161.03,0.32,18.412,49.53,temperature_sensor failed after a 72-hour overheating pattern connected to induction coil overheating. Sensor rows in that window carry related_failure_id=F00003.,check power supply and wiring
F00004,M017,2020-01-10T08:50:00,power_relay,7.95,Moderate,1,1,1,pressure_or_airflow,lid seal leak,0.91,True,72,77.95,0.086,6.866,76.41,power_relay failed after a 72-hour pressure_or_airflow pattern connected to lid seal leak. Sensor rows in that window carry related_failure_id=F00004.,inspect component and replace if worn
F00005,M012,2020-01-10T13:20:00,blade_motor,7.46,Moderate,1,1,1,electrical_fault,charging port fault,0.77,True,24,43.68,0.493,1.346,54.33,blade_motor failed after a 24-hour electrical_fault pattern connected to charging port fault. Sensor rows in that window carry related_failure_id=F00005.,check power supply and wiring
F00006,M011,2020-01-10T14:00:00,magnetron,43.09,Critical,1,1,1,overheating,magnetron overheating,0.85,True,72,88.55,0.231,9.687,69.32,magnetron failed after a 72-hour overheating pattern connected to magnetron overheating. Sensor rows in that window carry related_failure_id=F00006.,schedule immediate service
F00007,M020,2020-01-23T04:03:00,bluetooth_module,2.1,Minor,1,1,1,sensor_or_control,bluetooth module dropouts,0.84,True,72,48.39,0.067,0.558,81.88,bluetooth_module failed after a 72-hour sensor_or_control pattern connected to bluetooth module dropouts. Sensor rows in that window carry related_failure_id=F00007.,reset and recalibrate sensor
F00008,M007,2020-01-24T15:04:47,imaging_drum,2.89,Moderate,1,1,1,blockage_or_jam,paper feed jam,0.87,False,72,204.71,0.775,11.167,42.5,imaging_drum failed after a 72-hour blockage_or_jam pattern connected to paper feed jam. Sensor rows in that window carry related_failure_id=F00008.,schedule immediate service
F00009,M017,2020-01-25T18:13:00,thermal_sensor,1.31,Minor,1,1,1,pressure_or_airflow,lid seal leak,0.82,True,72,63.47,0.078,6.151,72.61,thermal_sensor failed after a 72-hour pressure_or_airflow pattern connected to lid seal leak. Sensor rows in that window carry related_failure_id=F00009.,inspect component and replace if worn
F00010,M004,2020-01-31T01:13:14,speaker_driver,13.87,Major,1,1,1,overheating,amplifier overheating,0.92,True,72,73.89,0.348,4.287,88.17,speaker_driver failed after a 72-hour overheating pattern connected to amplifier overheating. Sensor rows in that window carry related_failure_id=F00010.,schedule immediate service
F00011,M003,2020-02-13T05:51:00,circulation_pump,16.18,Major,1,1,1,blockage_or_jam,drain restriction,0.99,False,72,59.97,0.669,9.227,72.11,circulation_pump failed after a 72-hour blockage_or_jam pattern connected to drain restriction. Sensor rows in that window carry related_failure_id=F00011.,schedule immediate service
F00012,M020,2020-02-14T01:50:00,battery_pack,17.7,Major,1,1,1,sensor_or_control,audio driver distortion,0.79,True,72,42.71,0.054,0.395,82.29,battery_pack failed after a 72-hour sensor_or_control pattern connected to audio driver distortion. Sensor rows in that window carry related_failure_id=F00012.,check power supply and wiring
F00013,M003,2020-02-14T15:08:00,circulation_pump,1.72,Minor,1,1,1,overheating,heater fault,0.87,False,72,76.02,0.643,9.865,68.44,circulation_pump failed after a 72-hour overheating pattern connected to heater fault. Sensor rows in that window carry related_failure_id=F00013.,schedule immediate service
F00014,M020,2020-02-23T06:14:00,audio_driver,2.5,Minor,1,1,1,electrical_fault,charging port fault,0.85,True,72,44.61,0.06,0.623,86.0,audio_driver failed after a 72-hour electrical_fault pattern connected to charging port fault. Sensor rows in that window carry related_failure_id=F00014.,reset and recalibrate sensor
F00015,M009,2020-02-25T09:58:00,induction_coil,2.02,Minor,1,1,1,sensor_or_control,temperature sensor drift,0.84,True,48,179.87,0.369,20.473,48.02,induction_coil failed after a 48-hour sensor_or_control pattern connected to temperature sensor drift. Sensor rows in that window carry related_failure_id=F00015.,check power supply and wiring
F00016,M012,2020-03-02T13:13:15,blade_motor,1.1,Minor,1,1,1,electrical_fault,charging port fault,0.88,True,72,42.71,0.527,1.235,49.71,blade_motor failed after a 72-hour electrical_fault pattern connected to charging port fault. Sensor rows in that window carry related_failure_id=F00016.,reset and recalibrate sensor
F00017,M006,2020-03-04T09:18:00,image_sensor,6.1,Moderate,1,1,1,electrical_fault,battery voltage sag,0.96,True,72,41.26,0.315,3.435,63.0,image_sensor failed after a 72-hour electrical_fault pattern connected to battery voltage sag. Sensor rows in that window carry related_failure_id=F00017.,reset and recalibrate sensor
F00018,M011,2020-03-06T21:47:00,turntable_motor,4.96,Moderate,1,1,1,sensor_or_control,door interlock fault,0.81,True,72,106.66,0.238,9.233,66.06,turntable_motor failed after a 72-hour sensor_or_control pattern connected to door interlock fault. Sensor rows in that window carry related_failure_id=F00018.,reset and recalibrate sensor
F00019,M001,2020-03-07T18:33:00,door_seal,0.89,Minor,1,1,1,overheating,heating element degradation,0.82,True,48,260.88,0.107,17.394,69.29,door_seal failed after a 48-hour overheating pattern connected to heating element degradation. Sensor rows in that window carry related_failure_id=F00019.,schedule immediate service
F00020,M008,2020-03-08T00:03:00,feed_roller,1.36,Minor,1,1,1,blockage_or_jam,paper path obstruction,0.8,True,72,40.51,0.831,3.565,38.13,feed_roller failed after a 72-hour blockage_or_jam pattern connected to paper path obstruction. Sensor rows in that window carry related_failure_id=F00020.,clean or clear obstruction
F00021,M005,2020-03-08T18:46:00,power_board,24.0,Major,1,1,1,wear_or_lubrication,pan tilt motor binding,0.88,True,72,51.86,0.316,1.348,33.54,power_board failed after a 72-hour wear_or_lubrication pattern connected to pan tilt motor binding. Sensor rows in that window carry related_failure_id=F00021.,inspect component and replace if worn
F00022,M017,2020-03-18T09:34:00,thermal_sensor,12.89,Major,1,1,1,electrical_fault,power relay fault,0.92,True,72,85.82,0.079,7.62,77.95,thermal_sensor failed after a 72-hour electrical_fault pattern connected to power relay fault. Sensor rows in that window carry related_failure_id=F00022.,reset and recalibrate sensor
F00023,M010,2020-03-22T14:13:00,bobbin_case,13.63,Major,1,1,1,overheating,motor overheating,0.78,True,48,61.85,1.621,3.753,45.12,bobbin_case failed after a 48-hour overheating pattern connected to motor overheating. Sensor rows in that window carry related_failure_id=F00023.,schedule immediate service
F00024,M020,2020-03-24T07:29:00,bluetooth_module,10.42,Major,1,1,1,electrical_fault,charging port fault,0.79,True,48,47.97,0.066,0.716,79.16,bluetooth_module failed after a 48-hour electrical_fault pattern connected to charging port fault. Sensor rows in that window carry related_failure_id=F00024.,check power supply and wiring
F00025,M003,2020-03-29T18:25:00,drain_pump,0.73,Minor,1,1,1,pressure_or_airflow,water pressure anomaly,0.86,True,72,75.59,0.202,9.474,75.77,drain_pump failed after a 72-hour pressure_or_airflow pattern connected to water pressure anomaly. Sensor rows in that window carry related_failure_id=F00025.,clean or clear obstruction
F00026,M008,2020-03-30T19:25:00,drive_motor,17.11,Major,1,1,1,blockage_or_jam,paper path obstruction,0.79,True,72,52.06,0.616,3.516,70.68,drive_motor failed after a 72-hour blockage_or_jam pattern connected to paper path obstruction. Sensor rows in that window carry related_failure_id=F00026.,schedule immediate service
F00027,M012,2020-04-01T01:01:27,blade_motor,3.58,Moderate,1,1,1,electrical_fault,charging port fault,0.83,True,72,45.15,0.495,1.131,45.62,blade_motor failed after a 72-hour electrical_fault pattern connected to charging port fault. Sensor rows in that window carry related_failure_id=F00027.,check power supply and wiring
F00028,M005,2020-04-02T11:17:00,image_sensor,1.95,Minor,1,1,1,electrical_fault,power board instability,0.97,False,72,41.16,0.171,1.631,53.01,image_sensor failed after a 72-hour electrical_fault pattern connected to power board instability. Sensor rows in that window carry related_failure_id=F00028.,reset and recalibrate sensor
F00029,M019,2020-04-08T14:19:00,condenser_fan,7.64,Moderate,1,1,1,pressure_or_airflow,door seal leak,0.88,True,72,29.71,0.651,4.908,56.76,condenser_fan failed after a 72-hour pressure_or_airflow pattern connected to door seal leak. Sensor rows in that window carry related_failure_id=F00029.,inspect component and replace if worn
F00030,M013,2020-04-13T19:26:00,blade_assembly,1.15,Minor,1,1,1,blockage_or_jam,blade jam,0.96,True,72,103.26,1.712,6.483,68.39,blade_assembly failed after a 72-hour blockage_or_jam pattern connected to blade jam. Sensor rows in that window carry related_failure_id=F00030.,clean or clear obstruction
F00031,M006,2020-04-13T23:05:52,lens_mount,1.11,Minor,1,1,1,electrical_fault,battery voltage sag,0.93,True,72,45.15,0.129,3.598,70.68,lens_mount failed after a 72-hour electrical_fault pattern connected to battery voltage sag. Sensor rows in that window carry related_failure_id=F00031.,reset and recalibrate sensor
F00032,M017,2020-04-23T13:33:00,power_relay,2.5,Minor,1,1,1,overheating,heating plate degradation,0.95,False,72,103.86,0.08,6.344,73.53,power_relay failed after a 72-hour overheating pattern connected to heating plate degradation. Sensor rows in that window carry related_failure_id=F00032.,check power supply and wiring
F00033,M016,2020-04-26T02:37:00,audio_processor,22.78,Major,1,1,1,electrical_fault,power input noise,0.89,False,72,66.97,0.204,1.49,75.63,audio_processor failed after a 72-hour electrical_fault pattern connected to power input noise. Sensor rows in that window carry related_failure_id=F00033.,reset and recalibrate sensor
F00034,M002,2020-04-26T09:40:00,motor,11.76,Major,1,1,1,blockage_or_jam,brush roll jam,0.97,False,48,61.37,0.831,9.811,64.71,motor failed after a 48-hour blockage_or_jam pattern connected to brush roll jam. Sensor rows in that window carry related_failure_id=F00034.,schedule immediate service
F00035,M007,2020-04-28T22:32:00,imaging_drum,1.72,Minor,1,1,1,overheating,fuser overheating,0.9,True,72,182.35,0.987,11.938,41.58,imaging_drum failed after a 72-hour overheating pattern connected to fuser overheating. Sensor rows in that window carry related_failure_id=F00035.,inspect component and replace if worn
F00036,M017,2020-05-01T10:48:00,power_relay,24.0,Major,1,1,1,overheating,heating plate degradation,0.82,True,72,105.38,0.111,6.314,77.13,power_relay failed after a 72-hour overheating pattern connected to heating plate degradation. Sensor rows in that window carry related_failure_id=F00036.,inspect component and replace if worn
F00037,M020,2020-05-03T21:27:00,audio_driver,1.26,Minor,1,1,1,sensor_or_control,audio driver distortion,0.82,True,72,43.61,0.068,0.576,77.91,audio_driver failed after a 72-hour sensor_or_control pattern connected to audio driver distortion. Sensor rows in that window carry related_failure_id=F00037.,reset and recalibrate sensor
F00038,M019,2020-05-05T15:16:00,thermostat,1.7,Minor,1,1,1,sensor_or_control,thermostat drift,0.84,True,72,30.84,0.675,4.823,59.5,thermostat failed after a 72-hour sensor_or_control pattern connected to thermostat drift. Sensor rows in that window carry related_failure_id=F00038.,reset and recalibrate sensor
F00039,M019,2020-05-07T12:05:00,thermostat,6.59,Moderate,1,1,1,wear_or_lubrication,condenser fan imbalance,0.81,True,72,26.65,1.867,5.083,41.04,thermostat failed after a 72-hour wear_or_lubrication pattern connected to condenser fan imbalance. Sensor rows in that window carry related_failure_id=F00039.,top up lubricant and inspect bearings
F00040,M017,2020-05-09T20:14:00,thermal_sensor,8.5,Moderate,1,1,1,electrical_fault,power relay fault,0.94,True,96,72.35,0.075,8.371,78.48,thermal_sensor failed after a 96-hour electrical_fault pattern connected to power relay fault. Sensor rows in that window carry related_failure_id=F00040.,reset and recalibrate sensor
F00041,M004,2020-05-14T16:10:00,speaker_driver,45.12,Critical,1,1,1,overheating,amplifier overheating,0.78,True,72,77.3,0.031,4.399,85.66,speaker_driver failed after a 72-hour overheating pattern connected to amplifier overheating. Sensor rows in that window carry related_failure_id=F00041.,schedule immediate service
F00042,M020,2020-05-15T17:56:00,battery_pack,1.59,Minor,1,1,1,electrical_fault,charging port fault,0.92,True,48,42.71,0.061,0.528,79.74,battery_pack failed after a 48-hour electrical_fault pattern connected to charging port fault. Sensor rows in that window carry related_failure_id=F00042.,reset and recalibrate sensor
F00043,M016,2020-05-16T19:42:15,audio_processor,0.6,Minor,1,1,1,electrical_fault,power input noise,0.97,True,72,75.69,0.189,1.104,80.56,audio_processor failed after a 72-hour electrical_fault pattern connected to power input noise. Sensor rows in that window carry related_failure_id=F00043.,check power supply and wiring
F00044,M013,2020-05-20T18:03:00,blade_assembly,7.06,Moderate,1,1,1,pressure_or_airflow,jar seal leak,0.79,True,72,80.31,1.166,6.929,67.45,blade_assembly failed after a 72-hour pressure_or_airflow pattern connected to jar seal leak. Sensor rows in that window carry related_failure_id=F00044.,clean or clear obstruction
F00045,M008,2020-05-24T06:37:00,paper_path_sensor,8.04,Moderate,1,1,1,overheating,scan head overheating,0.81,False,24,58.72,0.825,3.474,75.18,paper_path_sensor failed after a 24-hour overheating pattern connected to scan head overheating. Sensor rows in that window carry related_failure_id=F00045.,inspect component and replace if worn
F00046,M014,2020-05-25T21:56:00,battery_pack,19.19,Major,1,1,1,sensor_or_control,keypad fault,0.84,True,72,44.0,0.044,0.259,83.62,battery_pack failed after a 72-hour sensor_or_control pattern connected to keypad fault. Sensor rows in that window carry related_failure_id=F00046.,reset and recalibrate sensor
F00047,M013,2020-05-28T14:46:45,blade_assembly,7.07,Moderate,1,1,1,blockage_or_jam,blade jam,0.97,True,72,89.23,1.617,6.893,69.86,blade_assembly failed after a 72-hour blockage_or_jam pattern connected to blade jam. Sensor rows in that window carry related_failure_id=F00047.,clean or clear obstruction
F00048,M005,2020-06-09T02:50:00,image_sensor,1.72,Minor,1,1,1,electrical_fault,power board instability,0.78,True,72,50.07,0.402,1.433,41.31,image_sensor failed after a 72-hour electrical_fault pattern connected to power board instability. Sensor rows in that window carry related_failure_id=F00048.,check power supply and wiring
F00049,M006,2020-06-14T08:32:00,lens_mount,60.0,Critical,1,1,1,electrical_fault,battery voltage sag,0.79,True,72,47.66,0.206,3.571,52.04,lens_mount failed after a 72-hour electrical_fault pattern connected to battery voltage sag. Sensor rows in that window carry related_failure_id=F00049.,reset and recalibrate sensor
F00050,M015,2020-06-14T11:07:00,refrigerant_loop,20.32,Major,1,1,1,wear_or_lubrication,fan motor bearing wear,0.97,True,48,51.04,1.105,11.372,28.85,refrigerant_loop failed after a 48-hour wear_or_lubrication pattern connected to fan motor bearing wear. Sensor rows in that window carry related_failure_id=F00050.,inspect component and replace if worn
F00051,M007,2020-06-16T20:35:00,imaging_drum,0.83,Minor,1,1,1,blockage_or_jam,paper feed jam,0.92,False,72,91.83,1.993,10.983,40.27,imaging_drum failed after a 72-hour blockage_or_jam pattern connected to paper feed jam. Sensor rows in that window carry related_failure_id=F00051.,clean or clear obstruction
F00052,M005,2020-06-17T18:49:00,image_sensor,23.44,Major,1,1,1,wear_or_lubrication,pan tilt motor binding,0.86,True,72,53.31,0.189,1.306,25.28,image_sensor failed after a 72-hour wear_or_lubrication pattern connected to pan tilt motor binding. Sensor rows in that window carry related_failure_id=F00052.,inspect component and replace if worn
F00053,M014,2020-06-18T08:10:00,battery_pack,0.92,Minor,1,1,1,sensor_or_control,speaker fault,0.77,True,72,40.34,0.046,0.283,79.74,battery_pack failed after a 72-hour sensor_or_control pattern connected to speaker fault. Sensor rows in that window carry related_failure_id=F00053.,reset and recalibrate sensor
F00054,M006,2020-06-21T20:30:00,lens_mount,6.39,Moderate,1,1,1,electrical_fault,battery voltage sag,0.92,True,72,46.47,0.222,3.397,50.83,lens_mount failed after a 72-hour electrical_fault pattern connected to battery voltage sag. Sensor rows in that window carry related_failure_id=F00054.,reset and recalibrate sensor
F00055,M012,2020-06-27T01:54:00,blade_motor,1.41,Minor,1,1,1,electrical_fault,battery degradation,0.84,True,72,41.46,0.533,1.211,45.17,blade_motor failed after a 72-hour electrical_fault pattern connected to battery degradation. Sensor rows in that window carry related_failure_id=F00055.,check power supply and wiring
F00056,M003,2020-07-06T05:49:00,drain_pump,17.17,Major,1,1,1,overheating,heater fault,0.91,True,72,78.42,0.312,9.52,66.84,drain_pump failed after a 72-hour overheating pattern connected to heater fault. Sensor rows in that window carry related_failure_id=F00056.,inspect component and replace if worn
F00057,M003,2020-07-06T19:29:00,circulation_pump,8.5,Moderate,1,1,1,blockage_or_jam,drain restriction,0.81,True,72,64.42,0.397,9.692,71.13,circulation_pump failed after a 72-hour blockage_or_jam pattern connected to drain restriction. Sensor rows in that window carry related_failure_id=F00057.,schedule immediate service
F00058,M015,2020-07-11T15:13:17,refrigerant_loop,2.5,Minor,1,1,1,wear_or_lubrication,fan motor bearing wear,0.77,True,24,55.17,1.954,13.169,27.88,refrigerant_loop failed after a 24-hour wear_or_lubrication pattern connected to fan motor bearing wear. Sensor rows in that window carry related_failure_id=F00058.,top up lubricant and inspect bearings
F00059,M020,2020-07-14T03:14:00,audio_driver,12.29,Major,1,1,1,sensor_or_control,audio driver distortion,0.79,True,72,47.12,0.062,0.475,79.64,audio_driver failed after a 72-hour sensor_or_control pattern connected to audio driver distortion. Sensor rows in that window carry related_failure_id=F00059.,check power supply and wiring
F00060,M018,2020-07-15T01:07:00,lcd_display,14.09,Major,1,1,1,electrical_fault,battery low voltage,0.99,True,72,32.53,0.024,0.02,80.2,lcd_display failed after a 72-hour electrical_fault pattern connected to battery low voltage. Sensor rows in that window carry related_failure_id=F00060.,check power supply and wiring
F00061,M015,2020-07-20T01:09:00,refrigerant_loop,1.79,Minor,1,1,1,wear_or_lubrication,fan motor bearing wear,0.92,False,72,54.35,0.892,11.642,35.31,refrigerant_loop failed after a 72-hour wear_or_lubrication pattern connected to fan motor bearing wear. Sensor rows in that window carry related_failure_id=F00061.,top up lubricant and inspect bearings
F00062,M009,2020-07-21T22:33:00,extractor_fan,2.17,Minor,1,1,1,sensor_or_control,temperature sensor drift,0.95,True,72,141.94,0.36,15.793,57.41,extractor_fan failed after a 72-hour sensor_or_control pattern connected to temperature sensor drift. Sensor rows in that window carry related_failure_id=F00062.,reset and recalibrate sensor
F00063,M013,2020-07-22T01:38:00,jar_seal,3.64,Moderate,1,1,1,pressure_or_airflow,jar seal leak,0.89,True,72,93.94,3.377,6.404,59.2,jar_seal failed after a 72-hour pressure_or_airflow pattern connected to jar seal leak. Sensor rows in that window carry related_failure_id=F00063.,clean or clear obstruction
F00064,M005,2020-07-23T06:32:00,power_board,1.1,Minor,1,1,1,wear_or_lubrication,pan tilt motor binding,0.84,True,72,50.74,0.456,1.519,56.53,power_board failed after a 72-hour wear_or_lubrication pattern connected to pan tilt motor binding. Sensor rows in that window carry related_failure_id=F00064.,top up lubricant and inspect bearings
F00065,M011,2020-07-23T22:17:00,magnetron,2.19,Minor,1,1,1,sensor_or_control,door interlock fault,0.78,True,72,64.84,0.24,9.436,70.87,magnetron failed after a 72-hour sensor_or_control pattern connected to door interlock fault. Sensor rows in that window carry related_failure_id=F00065.,check power supply and wiring
F00066,M017,2020-07-29T16:34:00,thermal_sensor,39.49,Critical,1,1,1,pressure_or_airflow,lid seal leak,0.79,False,96,103.68,0.079,7.008,72.09,thermal_sensor failed after a 96-hour pressure_or_airflow pattern connected to lid seal leak. Sensor rows in that window carry related_failure_id=F00066.,inspect component and replace if worn
F00067,M016,2020-08-11T22:20:00,trigger_sensor,1.66,Minor,1,1,1,sensor_or_control,trigger sensor drift,0.81,True,72,59.87,0.183,1.169,73.57,trigger_sensor failed after a 72-hour sensor_or_control pattern connected to trigger sensor drift. Sensor rows in that window carry related_failure_id=F00067.,check power supply and wiring
F00068,M009,2020-08-12T21:29:00,temperature_sensor,49.03,Critical,1,1,1,overheating,induction coil overheating,0.85,True,72,138.22,0.357,19.161,50.79,temperature_sensor failed after a 72-hour overheating pattern connected to induction coil overheating. Sensor rows in that window carry related_failure_id=F00068.,check power supply and wiring
F00069,M011,2020-08-24T05:07:00,magnetron,5.26,Moderate,1,1,1,sensor_or_control,door interlock fault,0.95,True,24,55.77,0.225,9.212,69.99,magnetron failed after a 24-hour sensor_or_control pattern connected to door interlock fault. Sensor rows in that window carry related_failure_id=F00069.,check power supply and wiring
F00070,M018,2020-08-27T00:52:00,keypad_matrix,37.71,Critical,1,1,1,electrical_fault,battery low voltage,0.98,True,72,39.3,0.036,0.219,81.26,keypad_matrix failed after a 72-hour electrical_fault pattern connected to battery low voltage. Sensor rows in that window carry related_failure_id=F00070.,reset and recalibrate sensor
F00071,M017,2020-09-02T12:16:00,power_relay,22.77,Major,1,1,1,pressure_or_airflow,lid seal leak,0.88,True,48,92.56,0.067,7.266,78.66,power_relay failed after a 48-hour pressure_or_airflow pattern connected to lid seal leak. Sensor rows in that window carry related_failure_id=F00071.,inspect component and replace if worn
F00072,M005,2020-09-02T19:00:00,power_board,20.74,Major,1,1,1,sensor_or_control,network module fault,0.91,True,72,51.68,0.286,1.369,46.46,power_board failed after a 72-hour sensor_or_control pattern connected to network module fault. Sensor rows in that window carry related_failure_id=F00072.,reset and recalibrate sensor
F00073,M007,2020-09-05T14:25:22,imaging_drum,1.09,Minor,1,1,1,overheating,fuser overheating,0.83,True,72,150.48,1.71,10.985,44.4,imaging_drum failed after a 72-hour overheating pattern connected to fuser overheating. Sensor rows in that window carry related_failure_id=F00073.,inspect component and replace if worn
F00074,M014,2020-09-11T13:35:00,keypad,16.58,Major,1,1,1,electrical_fault,charging contact corrosion,0.87,True,72,42.11,0.049,0.384,80.69,keypad failed after a 72-hour electrical_fault pattern connected to charging contact corrosion. Sensor rows in that window carry related_failure_id=F00074.,reset and recalibrate sensor
F00075,M005,2020-09-20T00:57:00,power_board,2.41,Minor,1,1,1,electrical_fault,power board instability,0.93,True,24,47.67,0.06,1.496,50.92,power_board failed after a 24-hour electrical_fault pattern connected to power board instability. Sensor rows in that window carry related_failure_id=F00075.,check power supply and wiring
F00076,M009,2020-09-23T05:48:59,induction_coil,0.85,Minor,1,1,1,electrical_fault,power module fault,0.85,True,72,147.08,0.333,25.0,50.44,induction_coil failed after a 72-hour electrical_fault pattern connected to power module fault. Sensor rows in that window carry related_failure_id=F00076.,reset and recalibrate sensor
F00077,M015,2020-09-23T06:48:00,control_board,8.5,Moderate,1,1,1,electrical_fault,control board fault,0.95,True,72,59.68,0.728,15.624,41.47,control_board failed after a 72-hour electrical_fault pattern connected to control board fault. Sensor rows in that window carry related_failure_id=F00077.,check power supply and wiring
F00078,M016,2020-10-04T11:48:26,audio_processor,8.5,Moderate,1,1,1,sensor_or_control,trigger sensor drift,0.86,True,72,46.66,0.198,1.096,79.66,audio_processor failed after a 72-hour sensor_or_control pattern connected to trigger sensor drift. Sensor rows in that window carry related_failure_id=F00078.,check power supply and wiring
F00079,M012,2020-10-05T17:38:00,foil_head,8.5,Moderate,1,1,1,electrical_fault,battery degradation,0.77,True,72,48.56,0.511,1.272,53.18,foil_head failed after a 72-hour electrical_fault pattern connected to battery degradation. Sensor rows in that window carry related_failure_id=F00079.,reset and recalibrate sensor
F00080,M013,2020-10-08T16:37:00,coupler,7.43,Moderate,1,1,1,overheating,motor overheating,0.84,True,72,85.19,1.462,7.061,43.25,coupler failed after a 72-hour overheating pattern connected to motor overheating. Sensor rows in that window carry related_failure_id=F00080.,check power supply and wiring
F00081,M016,2020-10-09T09:39:47,trigger_sensor,1.71,Minor,1,1,1,electrical_fault,power input noise,0.91,True,72,48.49,0.206,1.508,81.18,trigger_sensor failed after a 72-hour electrical_fault pattern connected to power input noise. Sensor rows in that window carry related_failure_id=F00081.,check power supply and wiring
F00082,M009,2020-10-10T11:31:00,extractor_fan,8.05,Moderate,1,1,1,sensor_or_control,temperature sensor drift,0.97,True,72,175.7,0.3,17.286,53.5,extractor_fan failed after a 72-hour sensor_or_control pattern connected to temperature sensor drift. Sensor rows in that window carry related_failure_id=F00082.,check power supply and wiring
F00083,M019,2020-10-14T13:06:00,condenser_fan,24.0,Major,1,1,1,pressure_or_airflow,door seal leak,0.83,True,72,29.57,0.488,5.182,39.51,condenser_fan failed after a 72-hour pressure_or_airflow pattern connected to door seal leak. Sensor rows in that window carry related_failure_id=F00083.,inspect component and replace if worn
F00084,M016,2020-10-16T14:10:00,power_input,37.36,Critical,1,1,1,sensor_or_control,trigger sensor drift,0.82,True,72,55.25,0.197,1.378,78.71,power_input failed after a 72-hour sensor_or_control pattern connected to trigger sensor drift. Sensor rows in that window carry related_failure_id=F00084.,check power supply and wiring
F00085,M008,2020-10-17T21:49:00,drive_motor,15.41,Major,1,1,1,blockage_or_jam,paper path obstruction,0.85,True,96,45.59,0.875,3.125,52.43,drive_motor failed after a 96-hour blockage_or_jam pattern connected to paper path obstruction. Sensor rows in that window carry related_failure_id=F00085.,clean or clear obstruction
F00086,M009,2020-10-19T19:14:00,induction_coil,2.34,Minor,1,1,1,sensor_or_control,temperature sensor drift,0.91,True,48,131.88,0.353,20.328,47.01,induction_coil failed after a 48-hour sensor_or_control pattern connected to temperature sensor drift. Sensor rows in that window carry related_failure_id=F00086.,reset and recalibrate sensor
F00087,M001,2020-10-27T21:03:00,door_seal,3.54,Moderate,1,1,1,sensor_or_control,thermal sensor drift,0.76,True,72,255.32,0.098,15.344,71.78,door_seal failed after a 72-hour sensor_or_control pattern connected to thermal sensor drift. Sensor rows in that window carry related_failure_id=F00087.,reset and recalibrate sensor
F00088,M002,2020-11-01T08:02:00,hose,4.83,Moderate,1,1,1,blockage_or_jam,airflow restriction,0.86,False,96,83.48,2.534,9.113,62.58,hose failed after a 96-hour blockage_or_jam pattern connected to airflow restriction. Sensor rows in that window carry related_failure_id=F00088.,schedule immediate service
F00089,M007,2020-11-08T07:46:11,imaging_drum,21.71,Major,1,1,1,blockage_or_jam,paper feed jam,0.92,True,96,163.79,1.879,10.594,49.24,imaging_drum failed after a 96-hour blockage_or_jam pattern connected to paper feed jam. Sensor rows in that window carry related_failure_id=F00089.,schedule immediate service
F00090,M017,2020-11-16T07:54:00,thermal_sensor,1.74,Minor,1,1,1,sensor_or_control,thermal sensor drift,0.96,True,24,87.46,0.093,7.303,71.28,thermal_sensor failed after a 24-hour sensor_or_control pattern connected to thermal sensor drift. Sensor rows in that window carry related_failure_id=F00090.,reset and recalibrate sensor
F00091,M016,2020-11-16T21:38:00,power_input,8.01,Moderate,1,1,1,sensor_or_control,trigger sensor drift,0.9,True,72,78.82,0.195,1.023,78.4,power_input failed after a 72-hour sensor_or_control pattern connected to trigger sensor drift. Sensor rows in that window carry related_failure_id=F00091.,check power supply and wiring
F00092,M008,2020-11-17T07:29:00,feed_roller,15.68,Major,1,1,1,overheating,scan head overheating,0.82,False,72,60.03,0.453,3.426,58.69,feed_roller failed after a 72-hour overheating pattern connected to scan head overheating. Sensor rows in that window carry related_failure_id=F00092.,check power supply and wiring
F00093,M010,2020-11-25T02:29:00,feed_dog,1.3,Minor,1,1,1,wear_or_lubrication,insufficient lubrication,0.84,True,72,103.08,1.599,3.642,49.87,feed_dog failed after a 72-hour wear_or_lubrication pattern connected to insufficient lubrication. Sensor rows in that window carry related_failure_id=F00093.,top up lubricant and inspect bearings
F00094,M006,2020-11-25T03:47:00,battery_pack,1.91,Minor,1,1,1,electrical_fault,battery voltage sag,0.92,True,96,47.13,0.126,3.698,60.94,battery_pack failed after a 96-hour electrical_fault pattern connected to battery voltage sag. Sensor rows in that window carry related_failure_id=F00094.,reset and recalibrate sensor
F00095,M001,2020-11-26T16:56:00,cooling_fan,16.41,Major,1,1,1,overheating,heating element degradation,0.82,True,72,150.09,0.089,17.766,71.86,cooling_fan failed after a 72-hour overheating pattern connected to heating element degradation. Sensor rows in that window carry related_failure_id=F00095.,check power supply and wiring
F00096,M010,2020-11-27T01:00:00,feed_dog,1.19,Minor,1,1,1,wear_or_lubrication,needle drive vibration,0.85,True,72,104.53,0.598,3.253,46.51,feed_dog failed after a 72-hour wear_or_lubrication pattern connected to needle drive vibration. Sensor rows in that window carry related_failure_id=F00096.,inspect component and replace if worn
F00097,M010,2020-12-01T04:58:00,feed_dog,8.5,Moderate,1,1,1,wear_or_lubrication,needle drive vibration,0.91,True,24,85.94,1.556,3.532,40.89,feed_dog failed after a 24-hour wear_or_lubrication pattern connected to needle drive vibration. Sensor rows in that window carry related_failure_id=F00097.,inspect component and replace if worn
F00098,M008,2020-12-07T12:42:00,drive_motor,14.12,Major,1,1,1,wear_or_lubrication,feed roller wear,0.82,False,72,61.39,0.952,3.293,38.07,drive_motor failed after a 72-hour wear_or_lubrication pattern connected to feed roller wear. Sensor rows in that window carry related_failure_id=F00098.,top up lubricant and inspect bearings
F00099,M007,2020-12-11T02:56:00,imaging_drum,4.35,Moderate,1,1,1,blockage_or_jam,paper feed jam,0.88,True,72,166.1,0.508,9.266,42.94,imaging_drum failed after a 72-hour blockage_or_jam pattern connected to paper feed jam. Sensor rows in that window carry related_failure_id=F00099.,clean or clear obstruction
F00100,M003,2020-12-13T18:16:00,drain_pump,5.78,Moderate,1,1,1,pressure_or_airflow,water pressure anomaly,0.85,True,72,48.03,0.702,9.468,70.55,drain_pump failed after a 72-hour pressure_or_airflow pattern connected to water pressure anomaly. Sensor rows in that window carry related_failure_id=F00100.,clean or clear obstruction
F00101,M004,2020-12-18T06:13:31,cooling_path,2.5,Moderate,1,1,1,sensor_or_control,speaker driver distortion,0.95,True,72,78.92,0.23,4.437,75.03,cooling_path failed after a 72-hour sensor_or_control pattern connected to speaker driver distortion. Sensor rows in that window carry related_failure_id=F00101.,check power supply and wiring
F00102,M003,2020-12-18T19:32:00,circulation_pump,1.05,Minor,1,1,1,pressure_or_airflow,water pressure anomaly,0.8,True,72,56.93,0.312,9.489,68.24,circulation_pump failed after a 72-hour pressure_or_airflow pattern connected to water pressure anomaly. Sensor rows in that window carry related_failure_id=F00102.,clean or clear obstruction
F00103,M016,2020-12-20T10:57:12,power_input,7.06,Moderate,1,1,1,sensor_or_control,trigger sensor drift,0.86,True,72,59.82,0.203,1.083,72.94,power_input failed after a 72-hour sensor_or_control pattern connected to trigger sensor drift. Sensor rows in that window carry related_failure_id=F00103.,check power supply and wiring
F00104,M012,2020-12-23T19:40:00,foil_head,10.62,Major,1,1,1,electrical_fault,charging port fault,0.95,True,72,48.52,0.522,1.375,53.45,foil_head failed after a 72-hour electrical_fault pattern connected to charging port fault. Sensor rows in that window carry related_failure_id=F00104.,reset and recalibrate sensor
F00105,M002,2020-12-23T19:56:00,filter,6.95,Moderate,1,1,1,overheating,motor overheating,0.83,True,24,99.12,0.718,9.542,64.35,filter failed after a 24-hour overheating pattern connected to motor overheating. Sensor rows in that window carry related_failure_id=F00105.,inspect component and replace if worn
F00106,M018,2020-12-31T19:29:00,lcd_display,5.87,Moderate,1,1,1,electrical_fault,logic board reset,0.79,True,72,39.92,0.036,0.17,77.71,lcd_display failed after a 72-hour electrical_fault pattern connected to logic board reset. Sensor rows in that window carry related_failure_id=F00106.,check power supply and wiring
F00107,M016,2021-01-01T18:56:49,mounting_clamp,3.89,Moderate,1,1,1,overheating,audio processor overheating,0.82,True,72,44.58,0.197,1.102,82.42,mounting_clamp failed after a 72-hour overheating pattern connected to audio processor overheating. Sensor rows in that window carry related_failure_id=F00107.,check power supply and wiring
F00108,M017,2021-01-02T06:09:00,heating_plate,5.26,Moderate,1,1,1,pressure_or_airflow,lid seal leak,0.9,True,48,102.65,0.065,6.837,72.12,heating_plate failed after a 48-hour pressure_or_airflow pattern connected to lid seal leak. Sensor rows in that window carry related_failure_id=F00108.,clean or clear obstruction
F00109,M013,2021-01-03T00:23:00,coupler,4.7,Moderate,1,1,1,overheating,motor overheating,0.79,True,72,116.76,1.695,6.377,64.67,coupler failed after a 72-hour overheating pattern connected to motor overheating. Sensor rows in that window carry related_failure_id=F00109.,schedule immediate service
F00110,M012,2021-01-03T03:30:00,blade_motor,24.0,Critical,1,1,1,electrical_fault,battery degradation,0.99,False,96,47.09,0.511,1.34,58.53,blade_motor failed after a 96-hour electrical_fault pattern connected to battery degradation. Sensor rows in that window carry related_failure_id=F00110.,check power supply and wiring
F00111,M016,2021-01-08T16:51:58,mounting_clamp,5.82,Moderate,1,1,1,sensor_or_control,trigger sensor drift,0.77,True,72,59.16,0.208,1.313,80.34,mounting_clamp failed after a 72-hour sensor_or_control pattern connected to trigger sensor drift. Sensor rows in that window carry related_failure_id=F00111.,reset and recalibrate sensor
F00112,M004,2021-01-09T16:07:27,speaker_driver,5.35,Moderate,1,1,1,electrical_fault,power supply instability,0.81,True,48,61.65,0.001,4.693,82.95,speaker_driver failed after a 48-hour electrical_fault pattern connected to power supply instability. Sensor rows in that window carry related_failure_id=F00112.,reset and recalibrate sensor
F00113,M006,2021-01-09T16:44:00,image_sensor,1.27,Minor,1,1,1,blockage_or_jam,lens mount obstruction,0.8,True,72,49.22,0.276,2.764,61.29,image_sensor failed after a 72-hour blockage_or_jam pattern connected to lens mount obstruction. Sensor rows in that window carry related_failure_id=F00113.,clean or clear obstruction
F00114,M003,2021-01-12T01:26:24,drain_pump,17.0,Major,1,1,1,pressure_or_airflow,water pressure anomaly,0.97,True,72,70.97,0.691,9.54,69.61,drain_pump failed after a 72-hour pressure_or_airflow pattern connected to water pressure anomaly. Sensor rows in that window carry related_failure_id=F00114.,clean or clear obstruction
F00115,M003,2021-01-15T16:19:00,drain_pump,1.39,Minor,1,1,1,blockage_or_jam,drain restriction,0.97,True,24,72.53,0.513,9.67,76.22,drain_pump failed after a 24-hour blockage_or_jam pattern connected to drain restriction. Sensor rows in that window carry related_failure_id=F00115.,schedule immediate service
F00116,M015,2021-01-20T17:23:00,control_board,24.0,Major,1,1,1,electrical_fault,control board fault,0.8,True,72,61.6,0.769,12.561,64.89,control_board failed after a 72-hour electrical_fault pattern connected to control board fault. Sensor rows in that window carry related_failure_id=F00116.,reset and recalibrate sensor
F00117,M019,2021-01-20T23:47:42,door_seal,14.38,Major,1,1,1,sensor_or_control,thermostat drift,0.77,True,72,31.52,0.517,5.338,66.57,door_seal failed after a 72-hour sensor_or_control pattern connected to thermostat drift. Sensor rows in that window carry related_failure_id=F00117.,reset and recalibrate sensor
F00118,M014,2021-01-21T17:42:00,battery_pack,3.4,Moderate,1,1,1,sensor_or_control,speaker fault,0.91,True,72,42.78,0.03,0.316,87.67,battery_pack failed after a 72-hour sensor_or_control pattern connected to speaker fault. Sensor rows in that window carry related_failure_id=F00118.,reset and recalibrate sensor
F00119,M010,2021-01-27T08:04:00,feed_dog,1.8,Minor,1,1,1,overheating,motor overheating,0.88,True,24,68.35,0.705,3.801,49.59,feed_dog failed after a 24-hour overheating pattern connected to motor overheating. Sensor rows in that window carry related_failure_id=F00119.,check power supply and wiring
F00120,M004,2021-02-01T06:02:00,cooling_path,4.93,Moderate,1,1,1,blockage_or_jam,ventilation blockage,0.96,True,72,55.95,0.352,4.342,80.33,cooling_path failed after a 72-hour blockage_or_jam pattern connected to ventilation blockage. Sensor rows in that window carry related_failure_id=F00120.,clean or clear obstruction
F00121,M011,2021-02-01T07:48:00,door_interlock,5.98,Moderate,1,1,1,overheating,magnetron overheating,0.81,True,72,107.32,0.24,9.249,72.3,door_interlock failed after a 72-hour overheating pattern connected to magnetron overheating. Sensor rows in that window carry related_failure_id=F00121.,schedule immediate service
F00122,M016,2021-02-02T17:19:19,trigger_sensor,13.59,Major,1,1,1,electrical_fault,power input noise,0.98,True,24,48.56,0.202,1.424,80.78,trigger_sensor failed after a 24-hour electrical_fault pattern connected to power input noise. Sensor rows in that window carry related_failure_id=F00122.,reset and recalibrate sensor
F00123,M018,2021-02-03T17:50:14,logic_board,7.08,Moderate,1,1,1,sensor_or_control,display segment fault,0.88,True,24,35.74,0.028,0.116,76.6,logic_board failed after a 24-hour sensor_or_control pattern connected to display segment fault. Sensor rows in that window carry related_failure_id=F00123.,reset and recalibrate sensor
F00124,M010,2021-02-05T05:12:00,feed_dog,1.21,Minor,1,1,1,overheating,motor overheating,0.8,True,72,108.2,1.599,3.48,31.56,feed_dog failed after a 72-hour overheating pattern connected to motor overheating. Sensor rows in that window carry related_failure_id=F00124.,schedule immediate service
F00125,M016,2021-02-09T10:00:00,power_input,0.88,Minor,1,1,1,sensor_or_control,trigger sensor drift,0.76,True,72,56.93,0.194,1.096,81.2,power_input failed after a 72-hour sensor_or_control pattern connected to trigger sensor drift. Sensor rows in that window carry related_failure_id=F00125.,reset and recalibrate sensor
F00126,M002,2021-02-14T14:32:55,brush_roll,1.5,Minor,1,1,1,blockage_or_jam,brush roll jam,0.79,False,72,97.71,0.946,10.298,64.52,brush_roll failed after a 72-hour blockage_or_jam pattern connected to brush roll jam. Sensor rows in that window carry related_failure_id=F00126.,clean or clear obstruction
F00127,M013,2021-02-14T15:59:00,jar_seal,13.27,Major,1,1,1,wear_or_lubrication,coupler wear,0.9,True,72,76.08,2.398,6.555,54.89,jar_seal failed after a 72-hour wear_or_lubrication pattern connected to coupler wear. Sensor rows in that window carry related_failure_id=F00127.,top up lubricant and inspect bearings
F00128,M012,2021-02-18T11:44:00,blade_motor,6.09,Moderate,1,1,1,electrical_fault,battery degradation,0.82,True,24,51.27,0.523,1.122,55.5,blade_motor failed after a 24-hour electrical_fault pattern connected to battery degradation. Sensor rows in that window carry related_failure_id=F00128.,reset and recalibrate sensor
F00129,M015,2021-02-19T07:55:00,control_board,4.53,Moderate,1,1,1,wear_or_lubrication,fan motor bearing wear,0.84,True,72,55.63,1.69,11.627,44.79,control_board failed after a 72-hour wear_or_lubrication pattern connected to fan motor bearing wear. Sensor rows in that window carry related_failure_id=F00129.,top up lubricant and inspect bearings
F00130,M002,2021-02-19T22:54:00,brush_roll,23.94,Major,1,1,1,blockage_or_jam,airflow restriction,0.91,True,72,87.31,0.001,9.715,66.04,brush_roll failed after a 72-hour blockage_or_jam pattern connected to airflow restriction. Sensor rows in that window carry related_failure_id=F00130.,schedule immediate service
F00131,M007,2021-02-21T08:23:38,imaging_drum,6.48,Moderate,1,1,1,blockage_or_jam,paper feed jam,0.96,True,72,215.6,1.435,10.693,48.12,imaging_drum failed after a 72-hour blockage_or_jam pattern connected to paper feed jam. Sensor rows in that window carry related_failure_id=F00131.,clean or clear obstruction
F00132,M014,2021-03-02T01:06:00,keypad,2.06,Minor,1,1,1,electrical_fault,charging contact corrosion,0.93,True,72,31.83,0.07,0.357,84.66,keypad failed after a 72-hour electrical_fault pattern connected to charging contact corrosion. Sensor rows in that window carry related_failure_id=F00132.,reset and recalibrate sensor
F00133,M016,2021-03-05T21:55:00,audio_processor,3.35,Moderate,1,1,1,electrical_fault,power input noise,0.81,True,72,53.27,0.2,1.438,77.0,audio_processor failed after a 72-hour electrical_fault pattern connected to power input noise. Sensor rows in that window carry related_failure_id=F00133.,check power supply and wiring
F00134,M001,2021-03-06T00:27:00,cooling_fan,7.41,Moderate,1,1,1,pressure_or_airflow,cooling fan failure,0.89,True,72,203.34,0.096,15.372,71.54,cooling_fan failed after a 72-hour pressure_or_airflow pattern connected to cooling fan failure. Sensor rows in that window carry related_failure_id=F00134.,clean or clear obstruction
F00135,M018,2021-03-10T06:31:00,lcd_display,4.12,Moderate,1,1,1,electrical_fault,battery low voltage,0.87,True,72,39.38,0.036,0.083,79.71,lcd_display failed after a 72-hour electrical_fault pattern connected to battery low voltage. Sensor rows in that window carry related_failure_id=F00135.,check power supply and wiring
F00136,M013,2021-03-11T21:16:00,coupler,6.41,Moderate,1,1,1,wear_or_lubrication,coupler wear,0.97,False,72,85.19,1.896,6.899,39.5,coupler failed after a 72-hour wear_or_lubrication pattern connected to coupler wear. Sensor rows in that window carry related_failure_id=F00136.,inspect component and replace if worn
F00137,M006,2021-03-12T20:46:00,battery_pack,12.7,Major,1,1,1,electrical_fault,battery voltage sag,0.88,True,72,45.74,0.338,3.446,77.97,battery_pack failed after a 72-hour electrical_fault pattern connected to battery voltage sag. Sensor rows in that window carry related_failure_id=F00137.,check power supply and wiring
F00138,M019,2021-03-12T23:07:00,door_seal,0.91,Minor,1,1,1,wear_or_lubrication,condenser fan imbalance,0.97,False,72,21.45,0.934,4.799,30.08,door_seal failed after a 72-hour wear_or_lubrication pattern connected to condenser fan imbalance. Sensor rows in that window carry related_failure_id=F00138.,inspect component and replace if worn
F00139,M005,2021-03-15T19:14:30,power_board,2.5,Minor,1,1,1,wear_or_lubrication,pan tilt motor binding,0.89,True,96,51.24,0.212,1.395,48.58,power_board failed after a 96-hour wear_or_lubrication pattern connected to pan tilt motor binding. Sensor rows in that window carry related_failure_id=F00139.,inspect component and replace if worn
F00140,M018,2021-03-21T01:36:00,keypad_matrix,1.12,Minor,1,1,1,sensor_or_control,display segment fault,0.94,False,72,44.26,0.035,0.15,81.93,keypad_matrix failed after a 72-hour sensor_or_control pattern connected to display segment fault. Sensor rows in that window carry related_failure_id=F00140.,reset and recalibrate sensor
F00141,M015,2021-03-22T06:31:00,compressor,11.38,Major,1,1,1,wear_or_lubrication,fan motor bearing wear,0.86,False,96,55.29,0.924,12.395,36.59,compressor failed after a 96-hour wear_or_lubrication pattern connected to fan motor bearing wear. Sensor rows in that window carry related_failure_id=F00141.,top up lubricant and inspect bearings
F00142,M013,2021-03-24T11:13:00,blade_assembly,4.77,Moderate,1,1,1,blockage_or_jam,blade jam,0.92,False,96,100.26,4.5,6.525,47.19,blade_assembly failed after a 96-hour blockage_or_jam pattern connected to blade jam. Sensor rows in that window carry related_failure_id=F00142.,clean or clear obstruction
F00143,M005,2021-03-25T11:12:00,image_sensor,17.47,Major,1,1,1,wear_or_lubrication,pan tilt motor binding,0.87,True,72,54.39,0.289,1.46,40.93,image_sensor failed after a 72-hour wear_or_lubrication pattern connected to pan tilt motor binding. Sensor rows in that window carry related_failure_id=F00143.,inspect component and replace if worn
F00144,M005,2021-03-29T10:17:00,image_sensor,4.12,Moderate,1,1,1,electrical_fault,power board instability,0.83,True,96,46.76,0.132,1.372,62.62,image_sensor failed after a 96-hour electrical_fault pattern connected to power board instability. Sensor rows in that window carry related_failure_id=F00144.,reset and recalibrate sensor
F00145,M012,2021-03-29T18:13:00,charging_port,42.7,Critical,1,1,1,electrical_fault,charging port fault,0.77,False,72,42.47,0.502,1.41,49.13,charging_port failed after a 72-hour electrical_fault pattern connected to charging port fault. Sensor rows in that window carry related_failure_id=F00145.,reset and recalibrate sensor
F00146,M004,2021-03-30T08:42:00,speaker_driver,21.29,Major,1,1,1,sensor_or_control,speaker driver distortion,0.96,True,96,24.2,0.372,3.304,79.69,speaker_driver failed after a 96-hour sensor_or_control pattern connected to speaker driver distortion. Sensor rows in that window carry related_failure_id=F00146.,reset and recalibrate sensor
F00147,M002,2021-04-03T19:36:02,motor,24.0,Major,1,1,1,overheating,motor overheating,0.93,True,48,76.91,1.799,9.342,69.72,motor failed after a 48-hour overheating pattern connected to motor overheating. Sensor rows in that window carry related_failure_id=F00147.,check power supply and wiring
F00148,M002,2021-04-04T15:31:00,brush_roll,1.96,Minor,1,1,1,blockage_or_jam,airflow restriction,0.8,True,72,65.38,2.186,9.398,69.56,brush_roll failed after a 72-hour blockage_or_jam pattern connected to airflow restriction. Sensor rows in that window carry related_failure_id=F00148.,schedule immediate service
F00149,M009,2021-04-05T19:49:00,extractor_fan,0.94,Minor,1,1,1,sensor_or_control,temperature sensor drift,0.95,True,72,140.57,0.308,20.235,49.5,extractor_fan failed after a 72-hour sensor_or_control pattern connected to temperature sensor drift. Sensor rows in that window carry related_failure_id=F00149.,check power supply and wiring
F00150,M010,2021-04-09T12:59:00,bobbin_case,21.77,Major,1,1,1,wear_or_lubrication,needle drive vibration,0.87,True,72,53.48,2.17,3.778,15.0,bobbin_case failed after a 72-hour wear_or_lubrication pattern connected to needle drive vibration. Sensor rows in that window carry related_failure_id=F00150.,top up lubricant and inspect bearings
F00151,M010,2021-04-12T19:02:00,bobbin_case,5.86,Moderate,1,1,1,wear_or_lubrication,needle drive vibration,0.9,True,72,96.24,2.377,3.344,30.01,bobbin_case failed after a 72-hour wear_or_lubrication pattern connected to needle drive vibration. Sensor rows in that window carry related_failure_id=F00151.,top up lubricant and inspect bearings
F00152,M001,2021-04-13T23:48:14,door_seal,6.48,Moderate,1,1,1,overheating,heating element degradation,0.94,True,72,198.96,0.085,15.412,67.64,door_seal failed after a 72-hour overheating pattern connected to heating element degradation. Sensor rows in that window carry related_failure_id=F00152.,check power supply and wiring
F00153,M015,2021-04-14T00:11:00,refrigerant_loop,15.04,Major,1,1,1,electrical_fault,control board fault,0.91,False,72,57.87,1.088,14.029,32.76,refrigerant_loop failed after a 72-hour electrical_fault pattern connected to control board fault. Sensor rows in that window carry related_failure_id=F00153.,reset and recalibrate sensor
F00154,M008,2021-04-18T11:23:00,paper_path_sensor,6.75,Moderate,1,1,1,overheating,scan head overheating,0.83,True,72,61.33,0.839,3.072,56.03,paper_path_sensor failed after a 72-hour overheating pattern connected to scan head overheating. Sensor rows in that window carry related_failure_id=F00154.,check power supply and wiring
F00155,M020,2021-04-18T11:52:00,audio_driver,20.18,Major,1,1,1,sensor_or_control,audio driver distortion,0.85,True,72,50.32,0.068,0.472,76.24,audio_driver failed after a 72-hour sensor_or_control pattern connected to audio driver distortion. Sensor rows in that window carry related_failure_id=F00155.,reset and recalibrate sensor
F00156,M008,2021-04-19T12:52:00,feed_roller,0.78,Minor,1,1,1,wear_or_lubrication,feed roller wear,0.95,True,72,58.36,0.543,3.46,36.64,feed_roller failed after a 72-hour wear_or_lubrication pattern connected to feed roller wear. Sensor rows in that window carry related_failure_id=F00156.,inspect component and replace if worn
F00157,M013,2021-04-19T13:48:00,drive_motor,17.21,Major,1,1,1,overheating,motor overheating,0.92,True,72,97.04,1.659,7.014,60.61,drive_motor failed after a 72-hour overheating pattern connected to motor overheating. Sensor rows in that window carry related_failure_id=F00157.,check power supply and wiring
F00158,M020,2021-04-20T23:13:00,charging_port,1.45,Minor,1,1,1,electrical_fault,charging port fault,0.83,True,72,44.67,0.049,0.369,79.83,charging_port failed after a 72-hour electrical_fault pattern connected to charging port fault. Sensor rows in that window carry related_failure_id=F00158.,check power supply and wiring
F00159,M009,2021-04-22T12:57:17,power_module,1.51,Minor,1,1,1,sensor_or_control,temperature sensor drift,0.76,True,72,129.53,0.346,17.372,58.41,power_module failed after a 72-hour sensor_or_control pattern connected to temperature sensor drift. Sensor rows in that window carry related_failure_id=F00159.,reset and recalibrate sensor
F00160,M004,2021-04-22T18:19:00,cooling_path,1.4,Minor,1,1,1,overheating,amplifier overheating,0.79,True,96,91.75,0.072,3.466,78.67,cooling_path failed after a 96-hour overheating pattern connected to amplifier overheating. Sensor rows in that window carry related_failure_id=F00160.,inspect component and replace if worn
F00161,M012,2021-04-25T17:31:00,foil_head,20.21,Major,1,1,1,electrical_fault,charging port fault,0.98,True,72,41.84,0.506,1.216,53.04,foil_head failed after a 72-hour electrical_fault pattern connected to charging port fault. Sensor rows in that window carry related_failure_id=F00161.,check power supply and wiring
F00162,M004,2021-04-28T12:38:36,cooling_path,1.85,Minor,1,1,1,sensor_or_control,speaker driver distortion,0.97,True,72,74.55,0.132,3.238,79.55,cooling_path failed after a 72-hour sensor_or_control pattern connected to speaker driver distortion. Sensor rows in that window carry related_failure_id=F00162.,reset and recalibrate sensor
F00163,M018,2021-04-29T20:10:00,logic_board,0.96,Minor,1,1,1,sensor_or_control,display segment fault,0.97,True,24,39.33,0.04,0.044,83.57,logic_board failed after a 24-hour sensor_or_control pattern connected to display segment fault. Sensor rows in that window carry related_failure_id=F00163.,check power supply and wiring
F00164,M013,2021-05-04T22:50:00,drive_motor,50.26,Critical,1,1,1,overheating,motor overheating,0.92,True,72,103.24,1.967,6.92,67.32,drive_motor failed after a 72-hour overheating pattern connected to motor overheating. Sensor rows in that window carry related_failure_id=F00164.,schedule immediate service
F00165,M018,2021-05-06T03:19:00,lcd_display,8.5,Moderate,1,1,1,sensor_or_control,display segment fault,0.92,True,72,41.55,0.031,0.036,92.3,lcd_display failed after a 72-hour sensor_or_control pattern connected to display segment fault. Sensor rows in that window carry related_failure_id=F00165.,reset and recalibrate sensor
F00166,M016,2021-05-08T07:35:00,power_input,37.46,Critical,1,1,1,electrical_fault,power input noise,0.79,True,72,54.98,0.208,1.339,79.03,power_input failed after a 72-hour electrical_fault pattern connected to power input noise. Sensor rows in that window carry related_failure_id=F00166.,reset and recalibrate sensor
F00167,M016,2021-05-13T04:04:00,audio_processor,1.14,Minor,1,1,1,overheating,audio processor overheating,0.93,True,72,64.24,0.195,1.228,71.8,audio_processor failed after a 72-hour overheating pattern connected to audio processor overheating. Sensor rows in that window carry related_failure_id=F00167.,check power supply and wiring
F00168,M001,2021-05-15T12:45:00,cooling_fan,5.91,Moderate,1,1,1,overheating,heating element degradation,0.81,True,72,222.01,0.094,17.354,72.68,cooling_fan failed after a 72-hour overheating pattern connected to heating element degradation. Sensor rows in that window carry related_failure_id=F00168.,inspect component and replace if worn
F00169,M006,2021-05-16T00:01:00,battery_pack,11.83,Major,1,1,1,wear_or_lubrication,shutter actuator wear,0.98,True,72,50.44,0.324,3.157,46.76,battery_pack failed after a 72-hour wear_or_lubrication pattern connected to shutter actuator wear. Sensor rows in that window carry related_failure_id=F00169.,top up lubricant and inspect bearings
F00170,M018,2021-05-18T05:07:00,logic_board,3.04,Moderate,1,1,1,electrical_fault,battery low voltage,0.77,True,72,43.24,0.032,0.079,77.47,logic_board failed after a 72-hour electrical_fault pattern connected to battery low voltage. Sensor rows in that window carry related_failure_id=F00170.,check power supply and wiring
F00171,M008,2021-05-19T21:00:35,feed_roller,4.46,Moderate,1,1,1,wear_or_lubrication,feed roller wear,0.96,False,72,77.56,0.893,3.057,57.77,feed_roller failed after a 72-hour wear_or_lubrication pattern connected to feed roller wear. Sensor rows in that window carry related_failure_id=F00171.,top up lubricant and inspect bearings
F00172,M012,2021-05-21T12:20:00,charging_port,24.0,Major,1,1,1,electrical_fault,charging port fault,0.88,True,24,50.1,0.518,1.192,58.31,charging_port failed after a 24-hour electrical_fault pattern connected to charging port fault. Sensor rows in that window carry related_failure_id=F00172.,reset and recalibrate sensor
F00173,M001,2021-05-23T00:27:31,door_seal,6.46,Moderate,1,1,1,sensor_or_control,thermal sensor drift,0.98,True,72,191.19,0.112,15.542,69.42,door_seal failed after a 72-hour sensor_or_control pattern connected to thermal sensor drift. Sensor rows in that window carry related_failure_id=F00173.,check power supply and wiring
F00174,M003,2021-05-30T16:29:00,drain_pump,13.05,Major,1,1,1,blockage_or_jam,drain restriction,0.95,True,72,75.18,0.746,9.48,67.03,drain_pump failed after a 72-hour blockage_or_jam pattern connected to drain restriction. Sensor rows in that window carry related_failure_id=F00174.,schedule immediate service
F00175,M002,2021-06-12T03:07:27,motor,8.5,Major,1,1,1,blockage_or_jam,brush roll jam,0.88,True,72,127.75,0.804,9.214,66.88,motor failed after a 72-hour blockage_or_jam pattern connected to brush roll jam. Sensor rows in that window carry related_failure_id=F00175.,schedule immediate service
F00176,M001,2021-06-13T18:18:00,cooling_fan,34.98,Critical,1,1,1,sensor_or_control,thermal sensor drift,0.94,True,72,260.91,0.085,14.445,65.42,cooling_fan failed after a 72-hour sensor_or_control pattern connected to thermal sensor drift. Sensor rows in that window carry related_failure_id=F00176.,check power supply and wiring
F00177,M003,2021-06-19T00:41:00,circulation_pump,48.56,Critical,1,1,1,blockage_or_jam,drain restriction,0.83,True,72,76.92,0.659,9.561,60.44,circulation_pump failed after a 72-hour blockage_or_jam pattern connected to drain restriction. Sensor rows in that window carry related_failure_id=F00177.,schedule immediate service
F00178,M012,2021-06-23T18:47:00,charging_port,1.84,Minor,1,1,1,electrical_fault,battery degradation,0.85,True,72,43.58,0.545,1.22,53.85,charging_port failed after a 72-hour electrical_fault pattern connected to battery degradation. Sensor rows in that window carry related_failure_id=F00178.,check power supply and wiring
F00179,M016,2021-06-26T19:40:44,mounting_clamp,0.97,Minor,1,1,1,sensor_or_control,trigger sensor drift,0.76,False,24,55.65,0.2,1.042,78.66,mounting_clamp failed after a 24-hour sensor_or_control pattern connected to trigger sensor drift. Sensor rows in that window carry related_failure_id=F00179.,reset and recalibrate sensor
F00180,M017,2021-06-27T03:05:00,heating_plate,3.38,Moderate,1,1,1,sensor_or_control,thermal sensor drift,0.92,False,96,86.61,0.068,5.807,73.83,heating_plate failed after a 96-hour sensor_or_control pattern connected to thermal sensor drift. Sensor rows in that window carry related_failure_id=F00180.,reset and recalibrate sensor
F00181,M003,2021-06-29T15:51:00,drain_pump,6.41,Moderate,1,1,1,pressure_or_airflow,water pressure anomaly,0.76,True,72,70.8,0.829,9.12,71.13,drain_pump failed after a 72-hour pressure_or_airflow pattern connected to water pressure anomaly. Sensor rows in that window carry related_failure_id=F00181.,clean or clear obstruction
F00182,M010,2021-06-30T11:07:00,feed_dog,1.75,Minor,1,1,1,overheating,motor overheating,0.96,True,72,29.47,1.258,3.632,64.64,feed_dog failed after a 72-hour overheating pattern connected to motor overheating. Sensor rows in that window carry related_failure_id=F00182.,check power supply and wiring
F00183,M005,2021-07-05T05:33:00,pan_tilt_motor,1.08,Minor,1,1,1,electrical_fault,power board instability,0.88,True,72,57.0,0.164,1.492,54.46,pan_tilt_motor failed after a 72-hour electrical_fault pattern connected to power board instability. Sensor rows in that window carry related_failure_id=F00183.,check power supply and wiring
F00184,M020,2021-07-09T00:16:27,bluetooth_module,5.14,Moderate,1,1,1,electrical_fault,battery degradation,0.78,True,72,42.07,0.044,0.536,77.28,bluetooth_module failed after a 72-hour electrical_fault pattern connected to battery degradation. Sensor rows in that window carry related_failure_id=F00184.,check power supply and wiring
F00185,M016,2021-07-10T03:05:00,power_input,4.45,Moderate,1,1,1,sensor_or_control,trigger sensor drift,0.91,True,72,58.34,0.208,1.226,72.15,power_input failed after a 72-hour sensor_or_control pattern connected to trigger sensor drift. Sensor rows in that window carry related_failure_id=F00185.,check power supply and wiring
F00186,M008,2021-07-11T04:53:00,drive_motor,7.17,Moderate,1,1,1,wear_or_lubrication,feed roller wear,0.82,True,72,61.96,0.843,3.26,37.89,drive_motor failed after a 72-hour wear_or_lubrication pattern connected to feed roller wear. Sensor rows in that window carry related_failure_id=F00186.,top up lubricant and inspect bearings
F00187,M002,2021-07-11T09:59:31,motor,19.18,Major,1,1,1,overheating,motor overheating,0.85,True,72,77.69,1.742,8.945,66.42,motor failed after a 72-hour overheating pattern connected to motor overheating. Sensor rows in that window carry related_failure_id=F00187.,schedule immediate service
F00188,M002,2021-07-14T08:22:30,motor,33.44,Critical,1,1,1,overheating,motor overheating,0.99,False,72,87.24,1.763,10.011,67.84,motor failed after a 72-hour overheating pattern connected to motor overheating. Sensor rows in that window carry related_failure_id=F00188.,check power supply and wiring
F00189,M018,2021-07-15T06:36:36,battery_cell,2.82,Moderate,1,1,1,sensor_or_control,keypad contact issue,0.96,True,72,35.75,0.029,0.186,83.96,battery_cell failed after a 72-hour sensor_or_control pattern connected to keypad contact issue. Sensor rows in that window carry related_failure_id=F00189.,check power supply and wiring
F00190,M015,2021-07-18T05:21:00,refrigerant_loop,5.68,Moderate,1,1,1,wear_or_lubrication,fan motor bearing wear,0.98,True,72,55.43,1.033,12.338,39.15,refrigerant_loop failed after a 72-hour wear_or_lubrication pattern connected to fan motor bearing wear. Sensor rows in that window carry related_failure_id=F00190.,inspect component and replace if worn
F00191,M014,2021-07-21T12:46:00,keypad,1.46,Minor,1,1,1,sensor_or_control,speaker fault,0.79,True,72,49.13,0.033,0.367,79.79,keypad failed after a 72-hour sensor_or_control pattern connected to speaker fault. Sensor rows in that window carry related_failure_id=F00191.,reset and recalibrate sensor
F00192,M020,2021-07-25T06:16:00,charging_port,8.03,Moderate,1,1,1,electrical_fault,battery degradation,0.84,True,72,41.52,0.077,0.533,85.05,charging_port failed after a 72-hour electrical_fault pattern connected to battery degradation. Sensor rows in that window carry related_failure_id=F00192.,check power supply and wiring
F00193,M009,2021-07-28T02:19:00,extractor_fan,1.24,Minor,1,1,1,sensor_or_control,temperature sensor drift,0.78,True,24,180.5,0.307,16.525,53.27,extractor_fan failed after a 24-hour sensor_or_control pattern connected to temperature sensor drift. Sensor rows in that window carry related_failure_id=F00193.,reset and recalibrate sensor
F00194,M015,2021-07-31T16:30:42,refrigerant_loop,2.35,Minor,1,1,1,electrical_fault,control board fault,0.8,True,72,49.62,1.97,14.791,42.37,refrigerant_loop failed after a 72-hour electrical_fault pattern connected to control board fault. Sensor rows in that window carry related_failure_id=F00194.,check power supply and wiring
F00195,M016,2021-08-04T23:08:00,power_input,5.67,Moderate,1,1,1,overheating,audio processor overheating,0.79,True,72,62.45,0.215,1.231,78.5,power_input failed after a 72-hour overheating pattern connected to audio processor overheating. Sensor rows in that window carry related_failure_id=F00195.,inspect component and replace if worn
F00196,M004,2021-08-05T16:14:00,speaker_driver,5.46,Moderate,1,1,1,electrical_fault,power supply instability,0.93,True,72,50.56,0.001,4.965,84.75,speaker_driver failed after a 72-hour electrical_fault pattern connected to power supply instability. Sensor rows in that window carry related_failure_id=F00196.,check power supply and wiring
F00197,M005,2021-08-06T22:49:00,pan_tilt_motor,1.74,Minor,1,1,1,electrical_fault,power board instability,0.98,True,72,52.02,0.209,1.499,57.96,pan_tilt_motor failed after a 72-hour electrical_fault pattern connected to power board instability. Sensor rows in that window carry related_failure_id=F00197.,reset and recalibrate sensor
F00198,M016,2021-08-08T04:39:39,mounting_clamp,4.07,Moderate,1,1,1,electrical_fault,power input noise,0.98,True,72,68.35,0.21,1.506,76.05,mounting_clamp failed after a 72-hour electrical_fault pattern connected to power input noise. Sensor rows in that window carry related_failure_id=F00198.,check power supply and wiring
F00199,M016,2021-08-08T05:08:00,power_input,58.11,Critical,1,1,1,electrical_fault,power input noise,0.96,True,72,57.22,0.206,1.719,79.02,power_input failed after a 72-hour electrical_fault pattern connected to power input noise. Sensor rows in that window carry related_failure_id=F00199.,reset and recalibrate sensor
F00200,M001,2021-08-18T00:08:00,door_seal,6.19,Moderate,1,1,1,sensor_or_control,thermal sensor drift,0.76,True,48,185.75,0.094,14.717,74.34,door_seal failed after a 48-hour sensor_or_control pattern connected to thermal sensor drift. Sensor rows in that window carry related_failure_id=F00200.,check power supply and wiring
F00201,M008,2021-08-25T18:53:00,drive_motor,1.89,Minor,1,1,1,blockage_or_jam,paper path obstruction,0.86,True,72,68.29,0.531,3.294,63.02,drive_motor failed after a 72-hour blockage_or_jam pattern connected to paper path obstruction. Sensor rows in that window carry related_failure_id=F00201.,schedule immediate service
F00202,M012,2021-08-26T18:00:00,charging_port,18.72,Major,1,1,1,electrical_fault,charging port fault,0.79,True,72,44.97,0.493,1.303,46.97,charging_port failed after a 72-hour electrical_fault pattern connected to charging port fault. Sensor rows in that window carry related_failure_id=F00202.,reset and recalibrate sensor
F00203,M009,2021-08-26T23:46:00,temperature_sensor,1.73,Minor,1,1,1,overheating,induction coil overheating,0.91,True,24,93.16,0.303,22.173,48.32,temperature_sensor failed after a 24-hour overheating pattern connected to induction coil overheating. Sensor rows in that window carry related_failure_id=F00203.,inspect component and replace if worn
F00204,M003,2021-09-01T06:13:00,drain_pump,6.17,Moderate,1,1,1,overheating,heater fault,0.94,True,72,74.94,0.663,9.39,72.32,drain_pump failed after a 72-hour overheating pattern connected to heater fault. Sensor rows in that window carry related_failure_id=F00204.,check power supply and wiring
F00205,M007,2021-09-04T06:55:00,imaging_drum,24.0,Major,1,1,1,overheating,fuser overheating,0.77,True,72,194.12,1.72,10.496,46.78,imaging_drum failed after a 72-hour overheating pattern connected to fuser overheating. Sensor rows in that window carry related_failure_id=F00205.,inspect component and replace if worn
F00206,M019,2021-09-07T23:47:00,condenser_fan,28.11,Critical,1,1,1,pressure_or_airflow,door seal leak,0.91,True,72,33.03,0.001,4.955,42.38,condenser_fan failed after a 72-hour pressure_or_airflow pattern connected to door seal leak. Sensor rows in that window carry related_failure_id=F00206.,inspect component and replace if worn
F00207,M017,2021-09-08T10:42:00,thermal_sensor,2.5,Minor,1,1,1,electrical_fault,power relay fault,0.82,True,48,83.74,0.076,7.197,75.43,thermal_sensor failed after a 48-hour electrical_fault pattern connected to power relay fault. Sensor rows in that window carry related_failure_id=F00207.,reset and recalibrate sensor
F00208,M009,2021-09-10T19:55:00,induction_coil,1.78,Minor,1,1,1,sensor_or_control,temperature sensor drift,0.82,True,72,72.15,0.34,18.953,50.63,induction_coil failed after a 72-hour sensor_or_control pattern connected to temperature sensor drift. Sensor rows in that window carry related_failure_id=F00208.,reset and recalibrate sensor
F00209,M004,2021-09-19T15:05:00,cooling_path,17.97,Major,1,1,1,electrical_fault,power supply instability,0.9,True,72,49.42,0.152,4.326,76.44,cooling_path failed after a 72-hour electrical_fault pattern connected to power supply instability. Sensor rows in that window carry related_failure_id=F00209.,reset and recalibrate sensor
F00210,M005,2021-09-24T13:18:00,network_module,13.82,Major,1,1,1,electrical_fault,power board instability,0.8,True,72,47.28,0.202,1.157,26.81,network_module failed after a 72-hour electrical_fault pattern connected to power board instability. Sensor rows in that window carry related_failure_id=F00210.,reset and recalibrate sensor
F00211,M003,2021-09-30T07:08:00,circulation_pump,6.25,Moderate,1,1,1,overheating,heater fault,0.83,False,72,95.1,0.478,10.105,72.36,circulation_pump failed after a 72-hour overheating pattern connected to heater fault. Sensor rows in that window carry related_failure_id=F00211.,inspect component and replace if worn
F00212,M020,2021-09-30T14:57:14,audio_driver,5.45,Moderate,1,1,1,sensor_or_control,audio driver distortion,0.9,True,72,44.7,0.078,0.486,81.92,audio_driver failed after a 72-hour sensor_or_control pattern connected to audio driver distortion. Sensor rows in that window carry related_failure_id=F00212.,check power supply and wiring
F00213,M012,2021-10-05T17:55:00,foil_head,23.58,Major,1,1,1,electrical_fault,charging port fault,0.82,True,72,45.8,0.532,1.396,55.14,foil_head failed after a 72-hour electrical_fault pattern connected to charging port fault. Sensor rows in that window carry related_failure_id=F00213.,check power supply and wiring
F00214,M007,2021-10-12T01:53:00,imaging_drum,5.22,Moderate,1,1,1,blockage_or_jam,paper feed jam,0.94,True,24,205.5,1.241,9.983,41.11,imaging_drum failed after a 24-hour blockage_or_jam pattern connected to paper feed jam. Sensor rows in that window carry related_failure_id=F00214.,schedule immediate service
F00215,M017,2021-10-13T03:46:00,heating_plate,24.0,Major,1,1,1,pressure_or_airflow,lid seal leak,0.94,True,72,98.87,0.081,7.566,76.9,heating_plate failed after a 72-hour pressure_or_airflow pattern connected to lid seal leak. Sensor rows in that window carry related_failure_id=F00215.,inspect component and replace if worn
F00216,M013,2021-10-14T01:24:00,coupler,8.5,Moderate,1,1,1,overheating,motor overheating,0.94,True,72,113.54,1.165,6.841,50.91,coupler failed after a 72-hour overheating pattern connected to motor overheating. Sensor rows in that window carry related_failure_id=F00216.,check power supply and wiring
F00217,M012,2021-10-14T14:40:00,charging_port,1.3,Minor,1,1,1,electrical_fault,battery degradation,0.9,True,24,48.7,0.535,1.441,49.65,charging_port failed after a 24-hour electrical_fault pattern connected to battery degradation. Sensor rows in that window carry related_failure_id=F00217.,reset and recalibrate sensor
F00218,M015,2021-10-16T05:20:00,compressor,2.5,Minor,1,1,1,wear_or_lubrication,fan motor bearing wear,0.93,True,24,62.72,1.492,12.999,15.5,compressor failed after a 24-hour wear_or_lubrication pattern connected to fan motor bearing wear. Sensor rows in that window carry related_failure_id=F00218.,top up lubricant and inspect bearings
F00219,M010,2021-10-16T21:00:00,feed_dog,6.39,Moderate,1,1,1,overheating,motor overheating,0.8,False,96,77.47,1.764,3.743,86.48,feed_dog failed after a 96-hour overheating pattern connected to motor overheating. Sensor rows in that window carry related_failure_id=F00219.,schedule immediate service
F00220,M016,2021-10-18T03:29:00,mounting_clamp,2.2,Minor,1,1,1,sensor_or_control,trigger sensor drift,0.95,True,72,52.06,0.202,1.181,75.13,mounting_clamp failed after a 72-hour sensor_or_control pattern connected to trigger sensor drift. Sensor rows in that window carry related_failure_id=F00220.,reset and recalibrate sensor
F00221,M007,2021-10-26T01:12:00,imaging_drum,1.17,Minor,1,1,1,blockage_or_jam,paper feed jam,0.93,True,72,190.57,0.757,10.338,39.55,imaging_drum failed after a 72-hour blockage_or_jam pattern connected to paper feed jam. Sensor rows in that window carry related_failure_id=F00221.,schedule immediate service
F00222,M005,2021-10-26T20:00:00,network_module,1.55,Minor,1,1,1,electrical_fault,power board instability,0.84,True,72,45.39,0.217,1.207,60.26,network_module failed after a 72-hour electrical_fault pattern connected to power board instability. Sensor rows in that window carry related_failure_id=F00222.,reset and recalibrate sensor
F00223,M004,2021-10-28T15:31:48,speaker_driver,8.5,Moderate,1,1,1,electrical_fault,power supply instability,0.89,True,72,50.2,0.077,3.783,88.25,speaker_driver failed after a 72-hour electrical_fault pattern connected to power supply instability. Sensor rows in that window carry related_failure_id=F00223.,reset and recalibrate sensor
F00224,M015,2021-10-29T02:23:34,control_board,34.55,Critical,1,1,1,wear_or_lubrication,fan motor bearing wear,0.93,True,72,51.92,0.965,14.976,24.17,control_board failed after a 72-hour wear_or_lubrication pattern connected to fan motor bearing wear. Sensor rows in that window carry related_failure_id=F00224.,inspect component and replace if worn
F00225,M013,2021-10-29T10:20:59,jar_seal,31.53,Critical,1,1,1,overheating,motor overheating,0.88,False,72,82.43,2.288,6.956,64.88,jar_seal failed after a 72-hour overheating pattern connected to motor overheating. Sensor rows in that window carry related_failure_id=F00225.,schedule immediate service
F00226,M014,2021-11-01T18:40:31,battery_pack,1.92,Minor,1,1,1,sensor_or_control,speaker fault,0.88,True,72,40.61,0.054,0.339,84.48,battery_pack failed after a 72-hour sensor_or_control pattern connected to speaker fault. Sensor rows in that window carry related_failure_id=F00226.,reset and recalibrate sensor
F00227,M001,2021-11-03T00:59:01,door_seal,9.52,Major,1,1,1,pressure_or_airflow,cooling fan failure,0.8,True,72,162.86,0.094,14.746,67.99,door_seal failed after a 72-hour pressure_or_airflow pattern connected to cooling fan failure. Sensor rows in that window carry related_failure_id=F00227.,clean or clear obstruction
F00228,M005,2021-11-06T00:48:00,image_sensor,1.62,Minor,1,1,1,sensor_or_control,network module fault,0.85,False,72,53.56,0.257,1.288,47.53,image_sensor failed after a 72-hour sensor_or_control pattern connected to network module fault. Sensor rows in that window carry related_failure_id=F00228.,check power supply and wiring
F00229,M015,2021-11-10T20:20:08,control_board,6.58,Moderate,1,1,1,wear_or_lubrication,fan motor bearing wear,0.96,True,72,55.25,1.471,13.108,25.81,control_board failed after a 72-hour wear_or_lubrication pattern connected to fan motor bearing wear. Sensor rows in that window carry related_failure_id=F00229.,top up lubricant and inspect bearings
F00230,M016,2021-11-10T21:58:00,trigger_sensor,1.22,Minor,1,1,1,sensor_or_control,trigger sensor drift,0.97,True,72,69.87,0.207,1.119,79.03,trigger_sensor failed after a 72-hour sensor_or_control pattern connected to trigger sensor drift. Sensor rows in that window carry related_failure_id=F00230.,check power supply and wiring
F00231,M005,2021-11-14T01:28:11,pan_tilt_motor,3.73,Moderate,1,1,1,sensor_or_control,network module fault,0.79,True,72,56.04,0.27,1.356,69.12,pan_tilt_motor failed after a 72-hour sensor_or_control pattern connected to network module fault. Sensor rows in that window carry related_failure_id=F00231.,check power supply and wiring
F00232,M002,2021-11-16T07:04:00,brush_roll,6.17,Moderate,1,1,1,overheating,motor overheating,0.9,True,48,89.95,0.001,9.577,65.02,brush_roll failed after a 48-hour overheating pattern connected to motor overheating. Sensor rows in that window carry related_failure_id=F00232.,check power supply and wiring
F00233,M005,2021-11-20T00:45:00,image_sensor,6.96,Moderate,1,1,1,electrical_fault,power board instability,0.77,True,48,54.63,0.26,1.662,48.49,image_sensor failed after a 48-hour electrical_fault pattern connected to power board instability. Sensor rows in that window carry related_failure_id=F00233.,check power supply and wiring
F00234,M004,2021-11-23T14:23:00,cooling_path,21.04,Major,1,1,1,overheating,amplifier overheating,0.95,True,72,68.1,0.216,4.108,74.54,cooling_path failed after a 72-hour overheating pattern connected to amplifier overheating. Sensor rows in that window carry related_failure_id=F00234.,schedule immediate service
F00235,M002,2021-11-23T23:54:00,motor,21.45,Major,1,1,1,blockage_or_jam,airflow restriction,0.96,True,24,80.77,1.359,9.78,65.47,motor failed after a 24-hour blockage_or_jam pattern connected to airflow restriction. Sensor rows in that window carry related_failure_id=F00235.,clean or clear obstruction
F00236,M006,2021-11-28T22:25:19,battery_pack,1.93,Minor,1,1,1,wear_or_lubrication,shutter actuator wear,0.9,True,72,46.11,0.255,2.917,32.47,battery_pack failed after a 72-hour wear_or_lubrication pattern connected to shutter actuator wear. Sensor rows in that window carry related_failure_id=F00236.,inspect component and replace if worn
F00237,M010,2021-12-01T20:39:00,feed_dog,1.19,Minor,1,1,1,wear_or_lubrication,needle drive vibration,0.82,True,24,74.36,2.978,3.391,30.54,feed_dog failed after a 24-hour wear_or_lubrication pattern connected to needle drive vibration. Sensor rows in that window carry related_failure_id=F00237.,inspect component and replace if worn
F00238,M016,2021-12-10T06:21:00,power_input,20.73,Major,1,1,1,electrical_fault,power input noise,0.77,True,72,66.45,0.201,1.441,78.99,power_input failed after a 72-hour electrical_fault pattern connected to power input noise. Sensor rows in that window carry related_failure_id=F00238.,reset and recalibrate sensor
F00239,M006,2021-12-15T00:09:00,battery_pack,8.5,Moderate,1,1,1,electrical_fault,battery voltage sag,0.92,False,48,48.09,0.207,3.084,58.66,battery_pack failed after a 48-hour electrical_fault pattern connected to battery voltage sag. Sensor rows in that window carry related_failure_id=F00239.,check power supply and wiring
F00240,M012,2021-12-17T06:09:00,blade_motor,4.03,Moderate,1,1,1,electrical_fault,charging port fault,0.84,True,72,42.6,0.507,1.206,52.19,blade_motor failed after a 72-hour electrical_fault pattern connected to charging port fault. Sensor rows in that window carry related_failure_id=F00240.,reset and recalibrate sensor
F00241,M004,2021-12-20T03:50:44,speaker_driver,5.71,Moderate,1,1,1,electrical_fault,power supply instability,0.98,True,96,42.67,0.156,4.742,74.02,speaker_driver failed after a 96-hour electrical_fault pattern connected to power supply instability. Sensor rows in that window carry related_failure_id=F00241.,check power supply and wiring
F00242,M017,2021-12-22T09:13:00,power_relay,1.14,Minor,1,1,1,electrical_fault,power relay fault,0.96,True,24,90.71,0.082,8.493,78.42,power_relay failed after a 24-hour electrical_fault pattern connected to power relay fault. Sensor rows in that window carry related_failure_id=F00242.,check power supply and wiring
F00243,M016,2021-12-22T11:35:00,trigger_sensor,1.12,Minor,1,1,1,overheating,audio processor overheating,0.83,True,96,68.03,0.196,1.118,73.26,trigger_sensor failed after a 96-hour overheating pattern connected to audio processor overheating. Sensor rows in that window carry related_failure_id=F00243.,check power supply and wiring
F00244,M020,2021-12-26T01:08:00,charging_port,5.2,Moderate,1,1,1,electrical_fault,battery degradation,0.93,True,72,52.59,0.087,0.554,81.48,charging_port failed after a 72-hour electrical_fault pattern connected to battery degradation. Sensor rows in that window carry related_failure_id=F00244.,reset and recalibrate sensor
F00245,M005,2021-12-26T19:18:00,power_board,1.51,Minor,1,1,1,wear_or_lubrication,pan tilt motor binding,0.94,True,72,47.42,0.26,1.396,37.89,power_board failed after a 72-hour wear_or_lubrication pattern connected to pan tilt motor binding. Sensor rows in that window carry related_failure_id=F00245.,inspect component and replace if worn
F00246,M012,2022-01-02T14:54:00,blade_motor,8.5,Moderate,1,1,1,electrical_fault,charging port fault,0.99,True,72,43.36,0.505,1.228,48.31,blade_motor failed after a 72-hour electrical_fault pattern connected to charging port fault. Sensor rows in that window carry related_failure_id=F00246.,reset and recalibrate sensor
F00247,M019,2022-01-06T23:20:00,door_seal,43.76,Critical,1,1,1,wear_or_lubrication,condenser fan imbalance,0.87,True,72,37.63,0.624,5.079,53.04,door_seal failed after a 72-hour wear_or_lubrication pattern connected to condenser fan imbalance. Sensor rows in that window carry related_failure_id=F00247.,top up lubricant and inspect bearings
F00248,M007,2022-01-11T10:05:00,imaging_drum,4.96,Moderate,1,1,1,overheating,fuser overheating,0.95,True,72,220.79,0.797,11.431,42.01,imaging_drum failed after a 72-hour overheating pattern connected to fuser overheating. Sensor rows in that window carry related_failure_id=F00248.,check power supply and wiring
F00249,M014,2022-01-17T09:38:00,keypad,0.9,Minor,1,1,1,sensor_or_control,speaker fault,0.91,True,72,41.04,0.04,0.368,84.03,keypad failed after a 72-hour sensor_or_control pattern connected to speaker fault. Sensor rows in that window carry related_failure_id=F00249.,reset and recalibrate sensor
F00250,M003,2022-01-18T10:55:00,drain_pump,60.0,Critical,1,1,1,overheating,heater fault,0.87,False,96,95.84,0.244,9.538,68.4,drain_pump failed after a 96-hour overheating pattern connected to heater fault. Sensor rows in that window carry related_failure_id=F00250.,check power supply and wiring
F00251,M017,2022-01-19T00:21:00,thermal_sensor,2.14,Minor,1,1,1,pressure_or_airflow,lid seal leak,0.97,False,24,94.57,0.086,6.042,81.78,thermal_sensor failed after a 24-hour pressure_or_airflow pattern connected to lid seal leak. Sensor rows in that window carry related_failure_id=F00251.,clean or clear obstruction
F00252,M007,2022-01-19T20:48:00,imaging_drum,3.91,Moderate,1,1,1,overheating,fuser overheating,0.92,True,72,196.57,1.34,11.042,44.85,imaging_drum failed after a 72-hour overheating pattern connected to fuser overheating. Sensor rows in that window carry related_failure_id=F00252.,schedule immediate service
F00253,M001,2022-01-21T08:14:00,door_seal,23.68,Major,1,1,1,sensor_or_control,thermal sensor drift,0.93,True,72,214.68,0.094,14.67,71.43,door_seal failed after a 72-hour sensor_or_control pattern connected to thermal sensor drift. Sensor rows in that window carry related_failure_id=F00253.,check power supply and wiring
F00254,M001,2022-01-22T18:43:00,cooling_fan,10.78,Major,1,1,1,overheating,heating element degradation,0.91,True,48,220.86,0.113,14.238,67.12,cooling_fan failed after a 48-hour overheating pattern connected to heating element degradation. Sensor rows in that window carry related_failure_id=F00254.,check power supply and wiring
F00255,M007,2022-01-26T23:27:30,imaging_drum,6.51,Moderate,1,1,1,blockage_or_jam,paper feed jam,0.79,True,48,183.0,1.416,11.974,39.61,imaging_drum failed after a 48-hour blockage_or_jam pattern connected to paper feed jam. Sensor rows in that window carry related_failure_id=F00255.,schedule immediate service
F00256,M018,2022-01-28T18:49:42,keypad_matrix,1.12,Minor,1,1,1,sensor_or_control,keypad contact issue,0.95,True,48,40.83,0.05,0.098,85.78,keypad_matrix failed after a 48-hour sensor_or_control pattern connected to keypad contact issue. Sensor rows in that window carry related_failure_id=F00256.,check power supply and wiring
F00257,M020,2022-01-30T07:08:10,audio_driver,1.28,Minor,1,1,1,sensor_or_control,bluetooth module dropouts,0.86,True,72,43.05,0.071,0.442,79.47,audio_driver failed after a 72-hour sensor_or_control pattern connected to bluetooth module dropouts. Sensor rows in that window carry related_failure_id=F00257.,reset and recalibrate sensor
F00258,M002,2022-01-30T08:42:00,filter,13.56,Major,1,1,1,blockage_or_jam,airflow restriction,0.76,True,72,109.72,3.305,9.148,66.33,filter failed after a 72-hour blockage_or_jam pattern connected to airflow restriction. Sensor rows in that window carry related_failure_id=F00258.,clean or clear obstruction
F00259,M002,2022-02-01T01:54:05,motor,4.75,Moderate,1,1,1,blockage_or_jam,brush roll jam,0.91,True,24,47.75,0.842,10.213,63.64,motor failed after a 24-hour blockage_or_jam pattern connected to brush roll jam. Sensor rows in that window carry related_failure_id=F00259.,clean or clear obstruction
F00260,M017,2022-02-03T18:49:43,power_relay,3.45,Moderate,1,1,1,electrical_fault,power relay fault,0.88,True,96,86.44,0.064,9.071,74.73,power_relay failed after a 96-hour electrical_fault pattern connected to power relay fault. Sensor rows in that window carry related_failure_id=F00260.,check power supply and wiring
F00261,M015,2022-02-08T20:17:00,control_board,15.2,Major,1,1,1,wear_or_lubrication,fan motor bearing wear,0.79,True,48,56.68,1.396,12.994,33.44,control_board failed after a 48-hour wear_or_lubrication pattern connected to fan motor bearing wear. Sensor rows in that window carry related_failure_id=F00261.,top up lubricant and inspect bearings
F00262,M018,2022-02-10T13:21:00,lcd_display,0.89,Minor,1,1,1,electrical_fault,logic board reset,0.83,False,48,33.85,0.021,0.112,77.96,lcd_display failed after a 48-hour electrical_fault pattern connected to logic board reset. Sensor rows in that window carry related_failure_id=F00262.,check power supply and wiring
F00263,M003,2022-02-16T23:53:00,circulation_pump,0.91,Minor,1,1,1,blockage_or_jam,drain restriction,0.9,True,72,57.07,0.553,9.546,74.84,circulation_pump failed after a 72-hour blockage_or_jam pattern connected to drain restriction. Sensor rows in that window carry related_failure_id=F00263.,schedule immediate service
F00264,M013,2022-02-17T20:47:00,blade_assembly,5.87,Moderate,1,1,1,blockage_or_jam,blade jam,0.99,True,96,136.57,2.066,6.408,61.92,blade_assembly failed after a 96-hour blockage_or_jam pattern connected to blade jam. Sensor rows in that window carry related_failure_id=F00264.,clean or clear obstruction
F00265,M012,2022-02-21T18:01:09,charging_port,17.63,Major,1,1,1,electrical_fault,battery degradation,0.94,True,72,42.78,0.471,1.467,54.63,charging_port failed after a 72-hour electrical_fault pattern connected to battery degradation. Sensor rows in that window carry related_failure_id=F00265.,check power supply and wiring
F00266,M006,2022-02-22T18:05:45,image_sensor,1.66,Minor,1,1,1,wear_or_lubrication,shutter actuator wear,0.81,True,72,49.56,0.219,2.284,42.27,image_sensor failed after a 72-hour wear_or_lubrication pattern connected to shutter actuator wear. Sensor rows in that window carry related_failure_id=F00266.,top up lubricant and inspect bearings
F00267,M010,2022-02-24T23:46:00,feed_dog,34.82,Critical,1,1,1,wear_or_lubrication,needle drive vibration,0.95,True,72,78.71,1.258,3.679,52.78,feed_dog failed after a 72-hour wear_or_lubrication pattern connected to needle drive vibration. Sensor rows in that window carry related_failure_id=F00267.,top up lubricant and inspect bearings
F00268,M004,2022-02-26T00:22:00,speaker_driver,4.8,Moderate,1,1,1,sensor_or_control,speaker driver distortion,0.98,True,96,80.8,0.347,3.679,83.23,speaker_driver failed after a 96-hour sensor_or_control pattern connected to speaker driver distortion. Sensor rows in that window carry related_failure_id=F00268.,reset and recalibrate sensor
F00269,M003,2022-02-26T02:04:00,circulation_pump,8.5,Moderate,1,1,1,pressure_or_airflow,water pressure anomaly,0.89,False,72,64.47,0.559,9.545,70.43,circulation_pump failed after a 72-hour pressure_or_airflow pattern connected to water pressure anomaly. Sensor rows in that window carry related_failure_id=F00269.,clean or clear obstruction
F00270,M006,2022-02-26T17:04:00,image_sensor,0.9,Minor,1,1,1,wear_or_lubrication,shutter actuator wear,0.84,True,72,46.52,0.301,3.067,35.49,image_sensor failed after a 72-hour wear_or_lubrication pattern connected to shutter actuator wear. Sensor rows in that window carry related_failure_id=F00270.,inspect component and replace if worn
F00271,M009,2022-03-04T16:12:00,induction_coil,13.58,Major,1,1,1,overheating,induction coil overheating,0.92,True,48,176.99,0.302,14.641,49.92,induction_coil failed after a 48-hour overheating pattern connected to induction coil overheating. Sensor rows in that window carry related_failure_id=F00271.,schedule immediate service
F00272,M007,2022-03-06T04:09:00,imaging_drum,1.48,Minor,1,1,1,overheating,fuser overheating,0.91,True,24,188.44,1.424,10.471,34.89,imaging_drum failed after a 24-hour overheating pattern connected to fuser overheating. Sensor rows in that window carry related_failure_id=F00272.,check power supply and wiring
F00273,M019,2022-03-10T11:40:24,thermostat,1.36,Minor,1,1,1,sensor_or_control,thermostat drift,0.81,True,48,27.1,0.177,4.862,61.59,thermostat failed after a 48-hour sensor_or_control pattern connected to thermostat drift. Sensor rows in that window carry related_failure_id=F00273.,check power supply and wiring
F00274,M008,2022-03-12T07:16:00,paper_path_sensor,12.2,Major,1,1,1,wear_or_lubrication,feed roller wear,0.98,True,72,74.38,0.943,2.987,47.93,paper_path_sensor failed after a 72-hour wear_or_lubrication pattern connected to feed roller wear. Sensor rows in that window carry related_failure_id=F00274.,inspect component and replace if worn
F00275,M011,2022-03-12T09:42:20,turntable_motor,1.42,Minor,1,1,1,sensor_or_control,door interlock fault,0.84,True,72,94.88,0.234,9.04,72.27,turntable_motor failed after a 72-hour sensor_or_control pattern connected to door interlock fault. Sensor rows in that window carry related_failure_id=F00275.,check power supply and wiring
F00276,M001,2022-03-14T14:11:00,cooling_fan,4.96,Moderate,1,1,1,pressure_or_airflow,cooling fan failure,0.77,True,48,216.44,0.105,14.731,74.47,cooling_fan failed after a 48-hour pressure_or_airflow pattern connected to cooling fan failure. Sensor rows in that window carry related_failure_id=F00276.,clean or clear obstruction
F00277,M016,2022-03-21T19:20:00,trigger_sensor,6.01,Moderate,1,1,1,overheating,audio processor overheating,0.92,True,72,64.42,0.205,1.447,80.45,trigger_sensor failed after a 72-hour overheating pattern connected to audio processor overheating. Sensor rows in that window carry related_failure_id=F00277.,check power supply and wiring
F00278,M002,2022-03-22T22:13:00,filter,20.02,Major,1,1,1,blockage_or_jam,brush roll jam,0.77,True,72,76.02,1.509,9.666,69.13,filter failed after a 72-hour blockage_or_jam pattern connected to brush roll jam. Sensor rows in that window carry related_failure_id=F00278.,clean or clear obstruction
F00279,M004,2022-03-26T09:51:00,speaker_driver,34.73,Critical,1,1,1,overheating,amplifier overheating,0.77,True,72,55.68,0.154,4.226,79.18,speaker_driver failed after a 72-hour overheating pattern connected to amplifier overheating. Sensor rows in that window carry related_failure_id=F00279.,schedule immediate service
F00280,M005,2022-03-31T14:35:00,pan_tilt_motor,1.9,Minor,1,1,1,sensor_or_control,network module fault,0.97,True,72,48.6,0.106,1.312,45.69,pan_tilt_motor failed after a 72-hour sensor_or_control pattern connected to network module fault. Sensor rows in that window carry related_failure_id=F00280.,check power supply and wiring
F00281,M003,2022-04-07T18:56:00,drain_pump,1.87,Minor,1,1,1,pressure_or_airflow,water pressure anomaly,0.91,True,72,62.55,0.889,9.048,71.17,drain_pump failed after a 72-hour pressure_or_airflow pattern connected to water pressure anomaly. Sensor rows in that window carry related_failure_id=F00281.,inspect component and replace if worn
F00282,M009,2022-04-08T01:41:00,extractor_fan,6.18,Moderate,1,1,1,electrical_fault,power module fault,0.99,False,72,192.25,0.279,21.345,55.76,extractor_fan failed after a 72-hour electrical_fault pattern connected to power module fault. Sensor rows in that window carry related_failure_id=F00282.,check power supply and wiring
F00283,M006,2022-04-08T22:28:00,lens_mount,0.95,Minor,1,1,1,wear_or_lubrication,shutter actuator wear,0.94,True,72,46.48,0.066,2.555,54.46,lens_mount failed after a 72-hour wear_or_lubrication pattern connected to shutter actuator wear. Sensor rows in that window carry related_failure_id=F00283.,top up lubricant and inspect bearings
F00284,M014,2022-04-10T13:10:37,keypad,21.66,Major,1,1,1,sensor_or_control,keypad fault,0.82,True,72,42.47,0.06,0.372,85.71,keypad failed after a 72-hour sensor_or_control pattern connected to keypad fault. Sensor rows in that window carry related_failure_id=F00284.,check power supply and wiring
F00285,M006,2022-04-12T10:45:08,image_sensor,14.59,Major,1,1,1,electrical_fault,battery voltage sag,0.89,True,72,43.31,0.132,4.06,72.5,image_sensor failed after a 72-hour electrical_fault pattern connected to battery voltage sag. Sensor rows in that window carry related_failure_id=F00285.,reset and recalibrate sensor
F00286,M014,2022-04-17T21:52:00,keypad,42.57,Critical,1,1,1,sensor_or_control,keypad fault,0.85,True,72,38.57,0.047,0.311,90.42,keypad failed after a 72-hour sensor_or_control pattern connected to keypad fault. Sensor rows in that window carry related_failure_id=F00286.,check power supply and wiring
F00287,M009,2022-04-18T14:06:00,extractor_fan,2.5,Minor,1,1,1,sensor_or_control,temperature sensor drift,0.82,True,72,159.27,0.325,17.364,51.63,extractor_fan failed after a 72-hour sensor_or_control pattern connected to temperature sensor drift. Sensor rows in that window carry related_failure_id=F00287.,check power supply and wiring
F00288,M001,2022-04-27T06:52:00,door_seal,2.51,Moderate,1,1,1,sensor_or_control,thermal sensor drift,0.86,True,72,129.01,0.086,15.77,61.43,door_seal failed after a 72-hour sensor_or_control pattern connected to thermal sensor drift. Sensor rows in that window carry related_failure_id=F00288.,reset and recalibrate sensor
F00289,M005,2022-04-29T14:05:57,network_module,15.57,Major,1,1,1,electrical_fault,power board instability,0.95,True,72,47.31,0.165,1.464,31.39,network_module failed after a 72-hour electrical_fault pattern connected to power board instability. Sensor rows in that window carry related_failure_id=F00289.,check power supply and wiring
F00290,M005,2022-04-30T00:47:00,pan_tilt_motor,5.43,Moderate,1,1,1,wear_or_lubrication,pan tilt motor binding,0.83,False,72,43.05,0.359,1.199,31.92,pan_tilt_motor failed after a 72-hour wear_or_lubrication pattern connected to pan tilt motor binding. Sensor rows in that window carry related_failure_id=F00290.,top up lubricant and inspect bearings
F00291,M004,2022-04-30T20:36:12,speaker_driver,37.34,Critical,1,1,1,electrical_fault,power supply instability,0.91,True,72,73.5,0.288,3.929,82.15,speaker_driver failed after a 72-hour electrical_fault pattern connected to power supply instability. Sensor rows in that window carry related_failure_id=F00291.,check power supply and wiring
F00292,M006,2022-05-01T08:22:00,lens_mount,1.69,Minor,1,1,1,blockage_or_jam,lens mount obstruction,0.81,True,96,51.5,0.248,2.828,59.13,lens_mount failed after a 96-hour blockage_or_jam pattern connected to lens mount obstruction. Sensor rows in that window carry related_failure_id=F00292.,clean or clear obstruction
F00293,M008,2022-05-01T09:38:38,drive_motor,12.64,Major,1,1,1,wear_or_lubrication,feed roller wear,0.86,True,48,66.56,0.854,3.26,47.24,drive_motor failed after a 48-hour wear_or_lubrication pattern connected to feed roller wear. Sensor rows in that window carry related_failure_id=F00293.,top up lubricant and inspect bearings
F00294,M016,2022-05-03T13:34:00,power_input,33.21,Critical,1,1,1,overheating,audio processor overheating,0.85,True,72,79.58,0.201,1.297,78.27,power_input failed after a 72-hour overheating pattern connected to audio processor overheating. Sensor rows in that window carry related_failure_id=F00294.,check power supply and wiring
F00295,M010,2022-05-07T19:30:00,feed_dog,11.57,Major,1,1,1,overheating,motor overheating,0.81,True,72,55.58,0.933,3.79,65.02,feed_dog failed after a 72-hour overheating pattern connected to motor overheating. Sensor rows in that window carry related_failure_id=F00295.,schedule immediate service
F00296,M014,2022-05-09T20:53:00,battery_pack,14.33,Major,1,1,1,sensor_or_control,speaker fault,0.91,True,48,37.96,0.053,0.329,84.99,battery_pack failed after a 48-hour sensor_or_control pattern connected to speaker fault. Sensor rows in that window carry related_failure_id=F00296.,reset and recalibrate sensor
F00297,M003,2022-05-11T12:03:11,drain_pump,16.69,Major,1,1,1,pressure_or_airflow,water pressure anomaly,0.91,True,72,73.52,0.625,9.075,71.76,drain_pump failed after a 72-hour pressure_or_airflow pattern connected to water pressure anomaly. Sensor rows in that window carry related_failure_id=F00297.,clean or clear obstruction
F00298,M002,2022-05-11T20:07:00,motor,1.02,Minor,1,1,1,overheating,motor overheating,0.95,False,72,102.73,0.775,9.525,63.69,motor failed after a 72-hour overheating pattern connected to motor overheating. Sensor rows in that window carry related_failure_id=F00298.,inspect component and replace if worn
F00299,M007,2022-05-15T03:18:00,imaging_drum,5.44,Moderate,1,1,1,overheating,fuser overheating,0.91,True,24,196.15,0.91,10.872,39.19,imaging_drum failed after a 24-hour overheating pattern connected to fuser overheating. Sensor rows in that window carry related_failure_id=F00299.,check power supply and wiring
F00300,M002,2022-05-19T05:57:51,brush_roll,7.38,Moderate,1,1,1,blockage_or_jam,brush roll jam,0.89,True,72,82.56,0.001,9.142,64.42,brush_roll failed after a 72-hour blockage_or_jam pattern connected to brush roll jam. Sensor rows in that window carry related_failure_id=F00300.,clean or clear obstruction
F00301,M011,2022-05-21T20:14:27,magnetron,6.22,Moderate,1,1,1,sensor_or_control,door interlock fault,0.87,True,72,91.55,0.242,9.421,70.68,magnetron failed after a 72-hour sensor_or_control pattern connected to door interlock fault. Sensor rows in that window carry related_failure_id=F00301.,reset and recalibrate sensor
F00302,M016,2022-05-24T03:26:00,power_input,60.0,Critical,1,1,1,sensor_or_control,trigger sensor drift,0.98,True,72,40.48,0.2,1.137,73.26,power_input failed after a 72-hour sensor_or_control pattern connected to trigger sensor drift. Sensor rows in that window carry related_failure_id=F00302.,reset and recalibrate sensor
F00303,M009,2022-05-25T15:54:23,temperature_sensor,4.65,Moderate,1,1,1,overheating,induction coil overheating,0.96,True,48,138.95,0.322,17.936,38.67,temperature_sensor failed after a 48-hour overheating pattern connected to induction coil overheating. Sensor rows in that window carry related_failure_id=F00303.,inspect component and replace if worn
F00304,M010,2022-05-28T08:08:00,bobbin_case,2.01,Minor,1,1,1,wear_or_lubrication,needle drive vibration,0.9,True,72,48.59,0.44,3.35,62.15,bobbin_case failed after a 72-hour wear_or_lubrication pattern connected to needle drive vibration. Sensor rows in that window carry related_failure_id=F00304.,top up lubricant and inspect bearings
F00305,M014,2022-05-29T22:50:00,keypad,5.57,Moderate,1,1,1,electrical_fault,charging contact corrosion,0.93,True,48,40.85,0.048,0.402,83.08,keypad failed after a 48-hour electrical_fault pattern connected to charging contact corrosion. Sensor rows in that window carry related_failure_id=F00305.,reset and recalibrate sensor
F00306,M012,2022-05-30T17:58:00,blade_motor,4.34,Moderate,1,1,1,electrical_fault,charging port fault,0.79,True,72,42.73,0.523,1.174,52.81,blade_motor failed after a 72-hour electrical_fault pattern connected to charging port fault. Sensor rows in that window carry related_failure_id=F00306.,reset and recalibrate sensor
F00307,M003,2022-05-31T18:58:00,circulation_pump,4.95,Moderate,1,1,1,blockage_or_jam,drain restriction,0.95,True,48,41.95,0.437,9.392,65.5,circulation_pump failed after a 48-hour blockage_or_jam pattern connected to drain restriction. Sensor rows in that window carry related_failure_id=F00307.,schedule immediate service
F00308,M011,2022-06-07T08:20:06,door_interlock,11.17,Major,1,1,1,overheating,magnetron overheating,0.89,False,72,48.97,0.239,9.885,63.06,door_interlock failed after a 72-hour overheating pattern connected to magnetron overheating. Sensor rows in that window carry related_failure_id=F00308.,check power supply and wiring
F00309,M013,2022-06-07T14:11:00,blade_assembly,35.47,Critical,1,1,1,overheating,motor overheating,0.91,True,72,93.04,2.951,7.353,60.15,blade_assembly failed after a 72-hour overheating pattern connected to motor overheating. Sensor rows in that window carry related_failure_id=F00309.,check power supply and wiring
F00310,M014,2022-06-09T11:36:00,keypad,1.02,Minor,1,1,1,sensor_or_control,speaker fault,0.77,True,72,42.89,0.07,0.315,77.68,keypad failed after a 72-hour sensor_or_control pattern connected to speaker fault. Sensor rows in that window carry related_failure_id=F00310.,reset and recalibrate sensor
F00311,M020,2022-06-10T02:31:00,bluetooth_module,2.32,Minor,1,1,1,electrical_fault,battery degradation,0.8,True,72,38.96,0.072,0.676,77.61,bluetooth_module failed after a 72-hour electrical_fault pattern connected to battery degradation. Sensor rows in that window carry related_failure_id=F00311.,check power supply and wiring
F00312,M011,2022-06-11T18:47:00,turntable_motor,4.54,Moderate,1,1,1,sensor_or_control,door interlock fault,0.87,True,72,97.74,0.216,9.238,72.9,turntable_motor failed after a 72-hour sensor_or_control pattern connected to door interlock fault. Sensor rows in that window carry related_failure_id=F00312.,reset and recalibrate sensor
F00313,M015,2022-06-13T21:00:00,compressor,1.1,Minor,1,1,1,wear_or_lubrication,fan motor bearing wear,0.93,True,72,55.68,1.363,13.346,19.21,compressor failed after a 72-hour wear_or_lubrication pattern connected to fan motor bearing wear. Sensor rows in that window carry related_failure_id=F00313.,top up lubricant and inspect bearings
F00314,M018,2022-06-15T05:56:48,logic_board,5.21,Moderate,1,1,1,electrical_fault,battery low voltage,0.85,False,48,37.0,0.035,0.152,86.28,logic_board failed after a 48-hour electrical_fault pattern connected to battery low voltage. Sensor rows in that window carry related_failure_id=F00314.,check power supply and wiring
F00315,M011,2022-06-17T12:56:00,door_interlock,4.27,Moderate,1,1,1,overheating,magnetron overheating,0.87,True,72,90.75,0.225,9.84,74.15,door_interlock failed after a 72-hour overheating pattern connected to magnetron overheating. Sensor rows in that window carry related_failure_id=F00315.,inspect component and replace if worn
F00316,M020,2022-06-18T17:47:00,bluetooth_module,2.96,Moderate,1,1,1,electrical_fault,battery degradation,0.82,True,72,46.65,0.055,0.455,79.67,bluetooth_module failed after a 72-hour electrical_fault pattern connected to battery degradation. Sensor rows in that window carry related_failure_id=F00316.,check power supply and wiring
F00317,M004,2022-06-18T22:20:00,cooling_path,6.25,Moderate,1,1,1,overheating,amplifier overheating,0.98,True,72,68.88,0.001,4.867,87.31,cooling_path failed after a 72-hour overheating pattern connected to amplifier overheating. Sensor rows in that window carry related_failure_id=F00317.,schedule immediate service
F00318,M002,2022-06-23T15:54:00,motor,8.5,Moderate,1,1,1,blockage_or_jam,airflow restriction,0.77,True,96,62.15,1.522,9.117,69.67,motor failed after a 96-hour blockage_or_jam pattern connected to airflow restriction. Sensor rows in that window carry related_failure_id=F00318.,clean or clear obstruction
F00319,M014,2022-06-24T11:56:00,keypad,8.13,Moderate,1,1,1,electrical_fault,charging contact corrosion,0.81,True,96,41.55,0.054,0.459,82.15,keypad failed after a 96-hour electrical_fault pattern connected to charging contact corrosion. Sensor rows in that window carry related_failure_id=F00319.,reset and recalibrate sensor
F00320,M007,2022-06-24T17:04:00,imaging_drum,8.0,Moderate,1,1,1,overheating,fuser overheating,0.97,True,72,183.27,1.25,10.735,43.43,imaging_drum failed after a 72-hour overheating pattern connected to fuser overheating. Sensor rows in that window carry related_failure_id=F00320.,schedule immediate service
F00321,M012,2022-06-28T19:11:00,charging_port,20.99,Major,1,1,1,electrical_fault,battery degradation,0.97,True,72,45.09,0.492,1.295,53.65,charging_port failed after a 72-hour electrical_fault pattern connected to battery degradation. Sensor rows in that window carry related_failure_id=F00321.,check power supply and wiring
F00322,M004,2022-07-06T14:58:00,cooling_path,4.53,Moderate,1,1,1,electrical_fault,power supply instability,0.95,False,72,94.97,0.161,4.767,88.47,cooling_path failed after a 72-hour electrical_fault pattern connected to power supply instability. Sensor rows in that window carry related_failure_id=F00322.,reset and recalibrate sensor
F00323,M003,2022-07-11T12:08:00,drain_pump,15.52,Major,1,1,1,blockage_or_jam,drain restriction,0.86,True,48,63.17,0.148,9.118,62.13,drain_pump failed after a 48-hour blockage_or_jam pattern connected to drain restriction. Sensor rows in that window carry related_failure_id=F00323.,clean or clear obstruction
F00324,M003,2022-07-14T22:18:00,circulation_pump,55.03,Critical,1,1,1,pressure_or_airflow,water pressure anomaly,0.77,False,72,70.02,0.294,9.472,62.68,circulation_pump failed after a 72-hour pressure_or_airflow pattern connected to water pressure anomaly. Sensor rows in that window carry related_failure_id=F00324.,clean or clear obstruction
F00325,M001,2022-07-15T00:42:00,cooling_fan,5.06,Moderate,1,1,1,overheating,heating element degradation,0.85,True,48,216.47,0.088,15.926,76.07,cooling_fan failed after a 48-hour overheating pattern connected to heating element degradation. Sensor rows in that window carry related_failure_id=F00325.,schedule immediate service
F00326,M015,2022-07-16T07:58:00,compressor,8.5,Moderate,1,1,1,electrical_fault,control board fault,0.99,False,24,57.69,0.976,19.052,31.94,compressor failed after a 24-hour electrical_fault pattern connected to control board fault. Sensor rows in that window carry related_failure_id=F00326.,reset and recalibrate sensor
F00327,M011,2022-07-17T13:23:00,turntable_motor,16.17,Major,1,1,1,sensor_or_control,door interlock fault,0.81,True,72,78.37,0.225,9.489,66.1,turntable_motor failed after a 72-hour sensor_or_control pattern connected to door interlock fault. Sensor rows in that window carry related_failure_id=F00327.,reset and recalibrate sensor
F00328,M010,2022-07-23T19:50:00,bobbin_case,2.5,Minor,1,1,1,wear_or_lubrication,needle drive vibration,0.96,True,72,69.66,2.273,3.584,55.51,bobbin_case failed after a 72-hour wear_or_lubrication pattern connected to needle drive vibration. Sensor rows in that window carry related_failure_id=F00328.,inspect component and replace if worn
F00329,M003,2022-07-24T09:34:00,circulation_pump,1.45,Minor,1,1,1,overheating,heater fault,0.93,True,48,89.79,0.858,9.818,67.25,circulation_pump failed after a 48-hour overheating pattern connected to heater fault. Sensor rows in that window carry related_failure_id=F00329.,check power supply and wiring
F00330,M018,2022-07-29T18:24:00,keypad_matrix,6.16,Moderate,1,1,1,electrical_fault,logic board reset,0.91,True,24,43.91,0.034,0.122,84.52,keypad_matrix failed after a 24-hour electrical_fault pattern connected to logic board reset. Sensor rows in that window carry related_failure_id=F00330.,reset and recalibrate sensor
F00331,M020,2022-07-30T23:20:14,charging_port,1.17,Minor,1,1,1,sensor_or_control,audio driver distortion,0.93,True,72,42.74,0.057,0.524,87.16,charging_port failed after a 72-hour sensor_or_control pattern connected to audio driver distortion. Sensor rows in that window carry related_failure_id=F00331.,check power supply and wiring
F00332,M012,2022-08-05T07:55:00,blade_motor,4.95,Moderate,1,1,1,electrical_fault,charging port fault,0.82,True,72,50.76,0.536,1.413,50.63,blade_motor failed after a 72-hour electrical_fault pattern connected to charging port fault. Sensor rows in that window carry related_failure_id=F00332.,check power supply and wiring
F00333,M009,2022-08-05T19:50:00,extractor_fan,19.3,Major,1,1,1,sensor_or_control,temperature sensor drift,0.91,False,48,187.48,0.329,18.415,52.5,extractor_fan failed after a 48-hour sensor_or_control pattern connected to temperature sensor drift. Sensor rows in that window carry related_failure_id=F00333.,reset and recalibrate sensor
F00334,M016,2022-08-09T08:22:00,audio_processor,6.35,Moderate,1,1,1,overheating,audio processor overheating,0.86,True,72,68.71,0.222,1.189,75.22,audio_processor failed after a 72-hour overheating pattern connected to audio processor overheating. Sensor rows in that window carry related_failure_id=F00334.,schedule immediate service
F00335,M002,2022-08-15T02:46:00,motor,3.55,Moderate,1,1,1,blockage_or_jam,brush roll jam,0.79,True,72,100.13,2.251,9.106,66.25,motor failed after a 72-hour blockage_or_jam pattern connected to brush roll jam. Sensor rows in that window carry related_failure_id=F00335.,schedule immediate service
F00336,M007,2022-08-25T16:21:00,imaging_drum,2.17,Minor,1,1,1,blockage_or_jam,paper feed jam,0.94,True,72,128.16,1.567,10.951,41.87,imaging_drum failed after a 72-hour blockage_or_jam pattern connected to paper feed jam. Sensor rows in that window carry related_failure_id=F00336.,schedule immediate service
F00337,M003,2022-08-28T17:15:00,drain_pump,1.68,Minor,1,1,1,pressure_or_airflow,water pressure anomaly,0.9,True,72,77.81,0.326,9.259,65.2,drain_pump failed after a 72-hour pressure_or_airflow pattern connected to water pressure anomaly. Sensor rows in that window carry related_failure_id=F00337.,inspect component and replace if worn
F00338,M006,2022-08-31T07:04:00,battery_pack,46.07,Critical,1,1,1,blockage_or_jam,lens mount obstruction,0.79,True,72,50.25,0.317,2.967,45.45,battery_pack failed after a 72-hour blockage_or_jam pattern connected to lens mount obstruction. Sensor rows in that window carry related_failure_id=F00338.,clean or clear obstruction
F00339,M004,2022-08-31T14:43:52,cooling_path,2.05,Minor,1,1,1,overheating,amplifier overheating,0.9,True,72,97.83,0.029,3.436,78.49,cooling_path failed after a 72-hour overheating pattern connected to amplifier overheating. Sensor rows in that window carry related_failure_id=F00339.,schedule immediate service
F00340,M020,2022-09-01T14:36:00,audio_driver,20.09,Major,1,1,1,sensor_or_control,bluetooth module dropouts,0.89,True,72,39.13,0.081,0.328,88.18,audio_driver failed after a 72-hour sensor_or_control pattern connected to bluetooth module dropouts. Sensor rows in that window carry related_failure_id=F00340.,check power supply and wiring
F00341,M009,2022-09-02T06:26:00,power_module,4.62,Moderate,1,1,1,overheating,induction coil overheating,0.77,True,72,170.29,0.356,17.97,52.28,power_module failed after a 72-hour overheating pattern connected to induction coil overheating. Sensor rows in that window carry related_failure_id=F00341.,schedule immediate service
F00342,M003,2022-09-10T19:58:00,drain_pump,5.72,Moderate,1,1,1,pressure_or_airflow,water pressure anomaly,0.91,True,72,77.12,0.925,9.075,75.96,drain_pump failed after a 72-hour pressure_or_airflow pattern connected to water pressure anomaly. Sensor rows in that window carry related_failure_id=F00342.,inspect component and replace if worn
F00343,M020,2022-09-11T01:48:46,bluetooth_module,1.92,Minor,1,1,1,sensor_or_control,audio driver distortion,0.92,True,72,44.9,0.076,0.495,83.19,bluetooth_module failed after a 72-hour sensor_or_control pattern connected to audio driver distortion. Sensor rows in that window carry related_failure_id=F00343.,reset and recalibrate sensor
F00344,M019,2022-09-17T07:37:00,door_seal,16.5,Major,1,1,1,pressure_or_airflow,door seal leak,0.87,False,96,21.97,0.779,5.051,57.06,door_seal failed after a 96-hour pressure_or_airflow pattern connected to door seal leak. Sensor rows in that window carry related_failure_id=F00344.,inspect component and replace if worn
F00345,M010,2022-09-19T08:07:00,bobbin_case,2.43,Minor,1,1,1,wear_or_lubrication,needle drive vibration,0.88,False,48,62.39,1.586,3.334,41.34,bobbin_case failed after a 48-hour wear_or_lubrication pattern connected to needle drive vibration. Sensor rows in that window carry related_failure_id=F00345.,inspect component and replace if worn
F00346,M016,2022-09-20T17:03:53,power_input,6.3,Moderate,1,1,1,overheating,audio processor overheating,0.79,True,24,78.62,0.19,1.204,75.17,power_input failed after a 24-hour overheating pattern connected to audio processor overheating. Sensor rows in that window carry related_failure_id=F00346.,schedule immediate service
F00347,M007,2022-09-26T03:28:47,imaging_drum,17.28,Major,1,1,1,overheating,fuser overheating,0.92,True,96,280.0,1.012,11.052,44.74,imaging_drum failed after a 96-hour overheating pattern connected to fuser overheating. Sensor rows in that window carry related_failure_id=F00347.,schedule immediate service
F00348,M014,2022-09-29T12:51:00,battery_pack,16.14,Major,1,1,1,sensor_or_control,speaker fault,0.98,True,72,39.54,0.062,0.26,77.55,battery_pack failed after a 72-hour sensor_or_control pattern connected to speaker fault. Sensor rows in that window carry related_failure_id=F00348.,reset and recalibrate sensor
F00349,M020,2022-10-05T14:33:01,bluetooth_module,0.8,Minor,1,1,1,electrical_fault,battery degradation,0.89,True,72,41.45,0.044,0.593,74.21,bluetooth_module failed after a 72-hour electrical_fault pattern connected to battery degradation. Sensor rows in that window carry related_failure_id=F00349.,reset and recalibrate sensor
F00350,M016,2022-10-05T23:56:00,audio_processor,1.83,Minor,1,1,1,sensor_or_control,trigger sensor drift,0.82,True,72,47.81,0.199,1.258,80.04,audio_processor failed after a 72-hour sensor_or_control pattern connected to trigger sensor drift. Sensor rows in that window carry related_failure_id=F00350.,check power supply and wiring
F00351,M015,2022-10-06T11:27:11,refrigerant_loop,7.91,Moderate,1,1,1,electrical_fault,control board fault,0.9,True,96,51.47,0.001,16.229,46.32,refrigerant_loop failed after a 96-hour electrical_fault pattern connected to control board fault. Sensor rows in that window carry related_failure_id=F00351.,reset and recalibrate sensor
F00352,M011,2022-10-06T18:48:00,turntable_motor,1.13,Minor,1,1,1,overheating,magnetron overheating,0.93,True,72,118.08,0.24,9.19,71.36,turntable_motor failed after a 72-hour overheating pattern connected to magnetron overheating. Sensor rows in that window carry related_failure_id=F00352.,inspect component and replace if worn
F00353,M004,2022-10-14T05:19:00,cooling_path,8.07,Moderate,1,1,1,blockage_or_jam,ventilation blockage,0.8,False,72,54.64,0.139,4.249,79.55,cooling_path failed after a 72-hour blockage_or_jam pattern connected to ventilation blockage. Sensor rows in that window carry related_failure_id=F00353.,schedule immediate service
F00354,M002,2022-10-16T10:34:00,motor,43.1,Critical,1,1,1,blockage_or_jam,brush roll jam,0.81,False,24,120.36,0.537,8.52,67.59,motor failed after a 24-hour blockage_or_jam pattern connected to brush roll jam. Sensor rows in that window carry related_failure_id=F00354.,schedule immediate service
F00355,M008,2022-10-20T20:24:00,feed_roller,5.05,Moderate,1,1,1,blockage_or_jam,paper path obstruction,0.87,True,72,64.64,0.434,3.568,53.7,feed_roller failed after a 72-hour blockage_or_jam pattern connected to paper path obstruction. Sensor rows in that window carry related_failure_id=F00355.,schedule immediate service
F00356,M014,2022-10-23T01:15:00,battery_pack,5.33,Moderate,1,1,1,sensor_or_control,speaker fault,0.77,True,72,43.93,0.05,0.261,77.72,battery_pack failed after a 72-hour sensor_or_control pattern connected to speaker fault. Sensor rows in that window carry related_failure_id=F00356.,reset and recalibrate sensor
F00357,M019,2022-10-24T22:02:00,condenser_fan,8.33,Moderate,1,1,1,wear_or_lubrication,condenser fan imbalance,0.83,True,72,28.58,0.789,5.034,50.93,condenser_fan failed after a 72-hour wear_or_lubrication pattern connected to condenser fan imbalance. Sensor rows in that window carry related_failure_id=F00357.,inspect component and replace if worn
F00358,M009,2022-10-25T17:25:54,temperature_sensor,2.3,Minor,1,1,1,sensor_or_control,temperature sensor drift,0.84,True,24,207.86,0.311,15.177,54.85,temperature_sensor failed after a 24-hour sensor_or_control pattern connected to temperature sensor drift. Sensor rows in that window carry related_failure_id=F00358.,check power supply and wiring
F00359,M007,2022-10-25T20:19:25,imaging_drum,1.13,Minor,1,1,1,overheating,fuser overheating,0.94,True,24,158.71,1.298,11.551,38.03,imaging_drum failed after a 24-hour overheating pattern connected to fuser overheating. Sensor rows in that window carry related_failure_id=F00359.,check power supply and wiring
F00360,M020,2022-10-28T09:40:00,bluetooth_module,5.31,Moderate,1,1,1,sensor_or_control,bluetooth module dropouts,0.84,True,72,45.55,0.055,0.404,81.04,bluetooth_module failed after a 72-hour sensor_or_control pattern connected to bluetooth module dropouts. Sensor rows in that window carry related_failure_id=F00360.,check power supply and wiring
F00361,M020,2022-11-01T17:16:00,charging_port,1.45,Minor,1,1,1,electrical_fault,battery degradation,0.92,True,48,47.3,0.065,0.512,87.54,charging_port failed after a 48-hour electrical_fault pattern connected to battery degradation. Sensor rows in that window carry related_failure_id=F00361.,check power supply and wiring
F00362,M009,2022-11-02T07:46:41,induction_coil,13.35,Major,1,1,1,electrical_fault,power module fault,0.78,True,72,132.36,0.332,19.552,44.9,induction_coil failed after a 72-hour electrical_fault pattern connected to power module fault. Sensor rows in that window carry related_failure_id=F00362.,check power supply and wiring
F00363,M005,2022-11-03T05:39:00,image_sensor,8.37,Moderate,1,1,1,wear_or_lubrication,pan tilt motor binding,0.89,True,72,49.52,0.002,1.141,40.35,image_sensor failed after a 72-hour wear_or_lubrication pattern connected to pan tilt motor binding. Sensor rows in that window carry related_failure_id=F00363.,top up lubricant and inspect bearings
F00364,M019,2022-11-09T19:32:00,condenser_fan,3.75,Moderate,1,1,1,sensor_or_control,thermostat drift,0.89,True,72,27.71,0.351,4.883,55.5,condenser_fan failed after a 72-hour sensor_or_control pattern connected to thermostat drift. Sensor rows in that window carry related_failure_id=F00364.,reset and recalibrate sensor
F00365,M001,2022-11-11T15:00:00,cooling_fan,7.89,Moderate,1,1,1,pressure_or_airflow,cooling fan failure,0.82,True,96,246.8,0.081,16.028,70.43,cooling_fan failed after a 96-hour pressure_or_airflow pattern connected to cooling fan failure. Sensor rows in that window carry related_failure_id=F00365.,inspect component and replace if worn
F00366,M019,2022-11-14T05:36:00,condenser_fan,1.46,Minor,1,1,1,sensor_or_control,thermostat drift,0.85,False,72,33.52,0.112,4.827,55.24,condenser_fan failed after a 72-hour sensor_or_control pattern connected to thermostat drift. Sensor rows in that window carry related_failure_id=F00366.,reset and recalibrate sensor
F00367,M013,2022-11-14T13:51:53,jar_seal,7.25,Moderate,1,1,1,overheating,motor overheating,0.87,True,48,74.94,2.763,6.393,68.91,jar_seal failed after a 48-hour overheating pattern connected to motor overheating. Sensor rows in that window carry related_failure_id=F00367.,inspect component and replace if worn
F00368,M018,2022-11-15T06:07:26,lcd_display,6.72,Moderate,1,1,1,sensor_or_control,keypad contact issue,0.86,False,72,40.91,0.03,0.061,77.16,lcd_display failed after a 72-hour sensor_or_control pattern connected to keypad contact issue. Sensor rows in that window carry related_failure_id=F00368.,reset and recalibrate sensor
F00369,M016,2022-11-15T13:55:36,power_input,8.32,Moderate,1,1,1,sensor_or_control,trigger sensor drift,0.77,True,24,47.81,0.22,1.351,79.7,power_input failed after a 24-hour sensor_or_control pattern connected to trigger sensor drift. Sensor rows in that window carry related_failure_id=F00369.,check power supply and wiring
F00370,M013,2022-11-15T17:07:14,jar_seal,15.37,Major,1,1,1,blockage_or_jam,blade jam,0.81,True,72,90.07,0.884,6.578,53.84,jar_seal failed after a 72-hour blockage_or_jam pattern connected to blade jam. Sensor rows in that window carry related_failure_id=F00370.,clean or clear obstruction
F00371,M011,2022-11-15T23:25:00,magnetron,1.06,Minor,1,1,1,overheating,magnetron overheating,0.85,True,48,90.08,0.233,10.093,70.86,magnetron failed after a 48-hour overheating pattern connected to magnetron overheating. Sensor rows in that window carry related_failure_id=F00371.,schedule immediate service
F00372,M006,2022-11-19T07:12:00,battery_pack,36.66,Critical,1,1,1,electrical_fault,battery voltage sag,0.88,True,72,45.68,0.227,3.748,61.01,battery_pack failed after a 72-hour electrical_fault pattern connected to battery voltage sag. Sensor rows in that window carry related_failure_id=F00372.,check power supply and wiring
F00373,M014,2022-11-21T03:38:00,keypad,15.33,Major,1,1,1,sensor_or_control,speaker fault,0.86,True,72,42.03,0.028,0.337,76.72,keypad failed after a 72-hour sensor_or_control pattern connected to speaker fault. Sensor rows in that window carry related_failure_id=F00373.,reset and recalibrate sensor
F00374,M018,2022-11-21T18:58:00,keypad_matrix,0.91,Minor,1,1,1,sensor_or_control,display segment fault,0.83,True,72,38.91,0.035,0.069,80.75,keypad_matrix failed after a 72-hour sensor_or_control pattern connected to display segment fault. Sensor rows in that window carry related_failure_id=F00374.,check power supply and wiring
F00375,M018,2022-11-21T22:56:04,logic_board,1.22,Minor,1,1,1,sensor_or_control,keypad contact issue,0.93,True,72,41.95,0.027,0.114,84.86,logic_board failed after a 72-hour sensor_or_control pattern connected to keypad contact issue. Sensor rows in that window carry related_failure_id=F00375.,check power supply and wiring
F00376,M019,2022-11-22T04:59:00,door_seal,17.36,Major,1,1,1,pressure_or_airflow,door seal leak,0.85,True,72,37.9,0.217,5.017,73.26,door_seal failed after a 72-hour pressure_or_airflow pattern connected to door seal leak. Sensor rows in that window carry related_failure_id=F00376.,clean or clear obstruction
F00377,M004,2022-11-22T16:52:47,cooling_path,19.1,Major,1,1,1,overheating,amplifier overheating,0.86,True,72,78.77,0.199,3.897,87.91,cooling_path failed after a 72-hour overheating pattern connected to amplifier overheating. Sensor rows in that window carry related_failure_id=F00377.,schedule immediate service
F00378,M010,2022-11-30T20:00:44,feed_dog,19.97,Major,1,1,1,wear_or_lubrication,insufficient lubrication,0.83,True,72,100.95,1.922,3.398,45.95,feed_dog failed after a 72-hour wear_or_lubrication pattern connected to insufficient lubrication. Sensor rows in that window carry related_failure_id=F00378.,top up lubricant and inspect bearings
F00379,M007,2022-12-14T17:23:00,imaging_drum,1.57,Minor,1,1,1,blockage_or_jam,paper feed jam,0.96,True,72,224.26,0.217,10.861,43.09,imaging_drum failed after a 72-hour blockage_or_jam pattern connected to paper feed jam. Sensor rows in that window carry related_failure_id=F00379.,clean or clear obstruction
F00380,M013,2022-12-15T13:37:13,coupler,5.25,Moderate,1,1,1,wear_or_lubrication,coupler wear,0.78,True,72,85.87,1.579,6.515,57.25,coupler failed after a 72-hour wear_or_lubrication pattern connected to coupler wear. Sensor rows in that window carry related_failure_id=F00380.,inspect component and replace if worn
F00381,M008,2022-12-16T17:50:00,paper_path_sensor,12.68,Major,1,1,1,blockage_or_jam,paper path obstruction,0.92,True,72,49.75,0.685,3.21,81.76,paper_path_sensor failed after a 72-hour blockage_or_jam pattern connected to paper path obstruction. Sensor rows in that window carry related_failure_id=F00381.,schedule immediate service
F00382,M005,2022-12-18T05:16:00,network_module,5.92,Moderate,1,1,1,electrical_fault,power board instability,0.97,True,72,41.47,0.157,1.575,35.59,network_module failed after a 72-hour electrical_fault pattern connected to power board instability. Sensor rows in that window carry related_failure_id=F00382.,check power supply and wiring
F00383,M006,2022-12-18T09:31:08,lens_mount,4.76,Moderate,1,1,1,electrical_fault,battery voltage sag,0.86,False,48,47.96,0.419,3.628,64.66,lens_mount failed after a 48-hour electrical_fault pattern connected to battery voltage sag. Sensor rows in that window carry related_failure_id=F00383.,reset and recalibrate sensor
F00384,M004,2022-12-18T22:01:00,speaker_driver,4.74,Moderate,1,1,1,overheating,amplifier overheating,0.93,False,48,45.52,0.11,4.417,75.33,speaker_driver failed after a 48-hour overheating pattern connected to amplifier overheating. Sensor rows in that window carry related_failure_id=F00384.,schedule immediate service
F00385,M017,2022-12-21T03:55:31,thermal_sensor,1.67,Minor,1,1,1,overheating,heating plate degradation,0.97,True,24,98.86,0.092,5.261,68.31,thermal_sensor failed after a 24-hour overheating pattern connected to heating plate degradation. Sensor rows in that window carry related_failure_id=F00385.,schedule immediate service
F00386,M012,2022-12-21T09:14:00,charging_port,51.31,Critical,1,1,1,electrical_fault,battery degradation,0.89,False,24,42.93,0.482,1.357,49.6,charging_port failed after a 24-hour electrical_fault pattern connected to battery degradation. Sensor rows in that window carry related_failure_id=F00386.,check power supply and wiring
F00387,M001,2022-12-24T11:01:00,cooling_fan,32.28,Critical,1,1,1,sensor_or_control,thermal sensor drift,0.99,True,72,167.97,0.087,16.138,72.38,cooling_fan failed after a 72-hour sensor_or_control pattern connected to thermal sensor drift. Sensor rows in that window carry related_failure_id=F00387.,reset and recalibrate sensor
F00388,M010,2022-12-26T19:53:00,bobbin_case,4.17,Moderate,1,1,1,wear_or_lubrication,insufficient lubrication,0.88,True,48,70.82,0.932,3.49,33.17,bobbin_case failed after a 48-hour wear_or_lubrication pattern connected to insufficient lubrication. Sensor rows in that window carry related_failure_id=F00388.,inspect component and replace if worn
F00389,M006,2022-12-28T02:57:00,lens_mount,1.59,Minor,1,1,1,electrical_fault,battery voltage sag,0.78,True,24,46.73,0.183,3.291,54.49,lens_mount failed after a 24-hour electrical_fault pattern connected to battery voltage sag. Sensor rows in that window carry related_failure_id=F00389.,reset and recalibrate sensor
F00390,M006,2022-12-28T05:14:00,battery_pack,6.0,Moderate,1,1,1,blockage_or_jam,lens mount obstruction,0.91,True,48,45.97,0.169,3.106,52.94,battery_pack failed after a 48-hour blockage_or_jam pattern connected to lens mount obstruction. Sensor rows in that window carry related_failure_id=F00390.,schedule immediate service
F00391,M005,2023-01-02T02:36:00,network_module,12.35,Major,1,1,1,electrical_fault,power board instability,0.85,True,72,47.63,0.053,1.72,58.72,network_module failed after a 72-hour electrical_fault pattern connected to power board instability. Sensor rows in that window carry related_failure_id=F00391.,check power supply and wiring
F00392,M014,2023-01-03T13:59:00,keypad,1.64,Minor,1,1,1,sensor_or_control,speaker fault,0.83,True,72,39.25,0.043,0.315,76.31,keypad failed after a 72-hour sensor_or_control pattern connected to speaker fault. Sensor rows in that window carry related_failure_id=F00392.,check power supply and wiring
F00393,M015,2023-01-06T03:58:00,control_board,1.72,Minor,1,1,1,electrical_fault,control board fault,0.86,True,72,59.24,0.481,17.1,38.18,control_board failed after a 72-hour electrical_fault pattern connected to control board fault. Sensor rows in that window carry related_failure_id=F00393.,check power supply and wiring
F00394,M017,2023-01-08T16:41:12,thermal_sensor,6.01,Moderate,1,1,1,sensor_or_control,thermal sensor drift,0.81,True,48,82.46,0.072,7.583,81.86,thermal_sensor failed after a 48-hour sensor_or_control pattern connected to thermal sensor drift. Sensor rows in that window carry related_failure_id=F00394.,check power supply and wiring
F00395,M012,2023-01-16T16:11:00,foil_head,5.72,Moderate,1,1,1,electrical_fault,battery degradation,0.84,False,24,41.59,0.515,1.341,50.15,foil_head failed after a 24-hour electrical_fault pattern connected to battery degradation. Sensor rows in that window carry related_failure_id=F00395.,check power supply and wiring
F00396,M012,2023-01-21T21:13:00,blade_motor,2.5,Minor,1,1,1,electrical_fault,charging port fault,0.94,True,72,42.05,0.497,1.321,51.84,blade_motor failed after a 72-hour electrical_fault pattern connected to charging port fault. Sensor rows in that window carry related_failure_id=F00396.,reset and recalibrate sensor
F00397,M017,2023-01-25T23:02:00,thermal_sensor,6.52,Moderate,1,1,1,pressure_or_airflow,lid seal leak,0.84,False,72,74.59,0.073,7.57,75.19,thermal_sensor failed after a 72-hour pressure_or_airflow pattern connected to lid seal leak. Sensor rows in that window carry related_failure_id=F00397.,inspect component and replace if worn
F00398,M008,2023-01-26T08:35:00,feed_roller,1.55,Minor,1,1,1,blockage_or_jam,paper path obstruction,0.81,True,72,77.54,1.211,3.316,49.12,feed_roller failed after a 72-hour blockage_or_jam pattern connected to paper path obstruction. Sensor rows in that window carry related_failure_id=F00398.,clean or clear obstruction
F00399,M013,2023-01-26T23:25:00,drive_motor,1.0,Minor,1,1,1,wear_or_lubrication,coupler wear,0.79,True,72,57.75,1.068,6.699,51.0,drive_motor failed after a 72-hour wear_or_lubrication pattern connected to coupler wear. Sensor rows in that window carry related_failure_id=F00399.,top up lubricant and inspect bearings
F00400,M006,2023-01-28T11:01:00,lens_mount,9.08,Major,1,1,1,wear_or_lubrication,shutter actuator wear,0.92,True,72,48.96,0.343,2.615,47.76,lens_mount failed after a 72-hour wear_or_lubrication pattern connected to shutter actuator wear. Sensor rows in that window carry related_failure_id=F00400.,inspect component and replace if worn
F00401,M017,2023-02-05T14:19:00,thermal_sensor,22.51,Major,1,1,1,pressure_or_airflow,lid seal leak,0.77,True,48,73.63,0.076,7.079,79.58,thermal_sensor failed after a 48-hour pressure_or_airflow pattern connected to lid seal leak. Sensor rows in that window carry related_failure_id=F00401.,clean or clear obstruction
F00402,M011,2023-02-09T18:57:00,door_interlock,6.91,Moderate,1,1,1,overheating,magnetron overheating,0.84,True,72,71.93,0.23,9.534,71.2,door_interlock failed after a 72-hour overheating pattern connected to magnetron overheating. Sensor rows in that window carry related_failure_id=F00402.,schedule immediate service
F00403,M019,2023-02-10T10:46:00,door_seal,3.58,Moderate,1,1,1,wear_or_lubrication,condenser fan imbalance,0.97,True,72,33.57,0.563,4.968,69.19,door_seal failed after a 72-hour wear_or_lubrication pattern connected to condenser fan imbalance. Sensor rows in that window carry related_failure_id=F00403.,inspect component and replace if worn
F00404,M002,2023-02-11T03:50:00,motor,4.26,Moderate,1,1,1,overheating,motor overheating,0.97,True,72,136.93,1.395,10.112,65.81,motor failed after a 72-hour overheating pattern connected to motor overheating. Sensor rows in that window carry related_failure_id=F00404.,inspect component and replace if worn
F00405,M010,2023-02-15T19:40:35,bobbin_case,7.51,Moderate,1,1,1,wear_or_lubrication,needle drive vibration,0.87,True,72,82.36,0.755,3.384,45.85,bobbin_case failed after a 72-hour wear_or_lubrication pattern connected to needle drive vibration. Sensor rows in that window carry related_failure_id=F00405.,inspect component and replace if worn
F00406,M016,2023-02-19T15:04:05,trigger_sensor,1.32,Minor,1,1,1,overheating,audio processor overheating,0.77,True,72,40.86,0.188,1.382,82.43,trigger_sensor failed after a 72-hour overheating pattern connected to audio processor overheating. Sensor rows in that window carry related_failure_id=F00406.,schedule immediate service
F00407,M019,2023-02-22T01:56:00,condenser_fan,6.54,Moderate,1,1,1,pressure_or_airflow,door seal leak,0.79,True,72,29.27,0.828,5.244,59.17,condenser_fan failed after a 72-hour pressure_or_airflow pattern connected to door seal leak. Sensor rows in that window carry related_failure_id=F00407.,clean or clear obstruction
F00408,M003,2023-02-22T09:36:00,drain_pump,6.98,Moderate,1,1,1,blockage_or_jam,drain restriction,0.88,True,72,66.23,0.512,9.608,69.98,drain_pump failed after a 72-hour blockage_or_jam pattern connected to drain restriction. Sensor rows in that window carry related_failure_id=F00408.,schedule immediate service
F00409,M013,2023-02-23T17:09:00,jar_seal,24.0,Major,1,1,1,wear_or_lubrication,coupler wear,0.78,True,96,115.33,1.592,7.008,56.35,jar_seal failed after a 96-hour wear_or_lubrication pattern connected to coupler wear. Sensor rows in that window carry related_failure_id=F00409.,top up lubricant and inspect bearings
F00410,M003,2023-03-05T04:27:25,circulation_pump,2.97,Moderate,1,1,1,overheating,heater fault,0.86,True,72,77.73,0.597,10.175,71.1,circulation_pump failed after a 72-hour overheating pattern connected to heater fault. Sensor rows in that window carry related_failure_id=F00410.,check power supply and wiring
F00411,M006,2023-03-06T16:56:00,lens_mount,2.12,Minor,1,1,1,wear_or_lubrication,shutter actuator wear,0.97,True,72,47.69,0.162,2.813,64.54,lens_mount failed after a 72-hour wear_or_lubrication pattern connected to shutter actuator wear. Sensor rows in that window carry related_failure_id=F00411.,top up lubricant and inspect bearings
F00412,M002,2023-03-09T23:32:01,hose,18.24,Major,1,1,1,blockage_or_jam,brush roll jam,0.9,True,72,111.96,2.346,8.813,72.22,hose failed after a 72-hour blockage_or_jam pattern connected to brush roll jam. Sensor rows in that window carry related_failure_id=F00412.,clean or clear obstruction
F00413,M006,2023-03-10T00:01:00,lens_mount,1.67,Minor,1,1,1,wear_or_lubrication,shutter actuator wear,0.86,True,72,47.51,0.286,2.683,50.28,lens_mount failed after a 72-hour wear_or_lubrication pattern connected to shutter actuator wear. Sensor rows in that window carry related_failure_id=F00413.,top up lubricant and inspect bearings
F00414,M006,2023-03-13T02:09:00,image_sensor,37.69,Critical,1,1,1,electrical_fault,battery voltage sag,0.86,False,72,46.52,0.164,3.803,52.58,image_sensor failed after a 72-hour electrical_fault pattern connected to battery voltage sag. Sensor rows in that window carry related_failure_id=F00414.,reset and recalibrate sensor
F00415,M018,2023-03-15T05:41:00,lcd_display,55.85,Critical,1,1,1,electrical_fault,logic board reset,0.86,False,24,40.09,0.037,0.132,73.68,lcd_display failed after a 24-hour electrical_fault pattern connected to logic board reset. Sensor rows in that window carry related_failure_id=F00415.,reset and recalibrate sensor
F00416,M020,2023-03-17T21:56:00,battery_pack,2.5,Minor,1,1,1,sensor_or_control,bluetooth module dropouts,0.92,True,48,43.8,0.056,0.427,86.15,battery_pack failed after a 48-hour sensor_or_control pattern connected to bluetooth module dropouts. Sensor rows in that window carry related_failure_id=F00416.,reset and recalibrate sensor
F00417,M003,2023-03-22T08:52:27,drain_pump,15.14,Major,1,1,1,pressure_or_airflow,water pressure anomaly,0.94,True,48,60.07,0.775,9.025,65.63,drain_pump failed after a 48-hour pressure_or_airflow pattern connected to water pressure anomaly. Sensor rows in that window carry related_failure_id=F00417.,clean or clear obstruction
F00418,M003,2023-03-22T12:19:00,circulation_pump,6.49,Moderate,1,1,1,overheating,heater fault,0.88,True,72,94.32,0.59,9.707,68.86,circulation_pump failed after a 72-hour overheating pattern connected to heater fault. Sensor rows in that window carry related_failure_id=F00418.,schedule immediate service
F00419,M004,2023-03-25T10:09:00,speaker_driver,5.12,Moderate,1,1,1,sensor_or_control,speaker driver distortion,0.86,False,72,50.65,0.209,3.378,79.09,speaker_driver failed after a 72-hour sensor_or_control pattern connected to speaker driver distortion. Sensor rows in that window carry related_failure_id=F00419.,check power supply and wiring
F00420,M004,2023-03-25T23:59:00,speaker_driver,6.58,Moderate,1,1,1,electrical_fault,power supply instability,0.87,False,72,68.28,0.223,5.869,79.82,speaker_driver failed after a 72-hour electrical_fault pattern connected to power supply instability. Sensor rows in that window carry related_failure_id=F00420.,check power supply and wiring
F00421,M010,2023-03-28T09:36:00,bobbin_case,0.8,Minor,1,1,1,wear_or_lubrication,insufficient lubrication,0.95,True,24,56.96,2.813,3.531,35.78,bobbin_case failed after a 24-hour wear_or_lubrication pattern connected to insufficient lubrication. Sensor rows in that window carry related_failure_id=F00421.,inspect component and replace if worn
F00422,M002,2023-03-31T00:15:00,hose,41.67,Critical,1,1,1,blockage_or_jam,brush roll jam,0.94,True,48,69.47,1.139,9.712,69.54,hose failed after a 48-hour blockage_or_jam pattern connected to brush roll jam. Sensor rows in that window carry related_failure_id=F00422.,schedule immediate service
F00423,M004,2023-03-31T02:36:00,cooling_path,2.75,Moderate,1,1,1,sensor_or_control,speaker driver distortion,0.82,True,72,49.25,0.213,3.51,84.12,cooling_path failed after a 72-hour sensor_or_control pattern connected to speaker driver distortion. Sensor rows in that window carry related_failure_id=F00423.,check power supply and wiring
F00424,M003,2023-04-03T09:07:26,drain_pump,1.27,Minor,1,1,1,pressure_or_airflow,water pressure anomaly,0.96,True,48,66.68,0.335,9.135,66.7,drain_pump failed after a 48-hour pressure_or_airflow pattern connected to water pressure anomaly. Sensor rows in that window carry related_failure_id=F00424.,clean or clear obstruction
F00425,M006,2023-04-04T11:41:34,image_sensor,13.59,Major,1,1,1,wear_or_lubrication,shutter actuator wear,0.86,True,72,45.03,0.15,2.78,54.77,image_sensor failed after a 72-hour wear_or_lubrication pattern connected to shutter actuator wear. Sensor rows in that window carry related_failure_id=F00425.,inspect component and replace if worn
F00426,M011,2023-04-06T15:35:00,door_interlock,1.38,Minor,1,1,1,overheating,magnetron overheating,0.93,True,24,75.2,0.23,9.244,67.96,door_interlock failed after a 24-hour overheating pattern connected to magnetron overheating. Sensor rows in that window carry related_failure_id=F00426.,schedule immediate service
F00427,M004,2023-04-07T11:25:00,cooling_path,19.87,Major,1,1,1,overheating,amplifier overheating,0.85,True,72,75.87,0.237,4.157,78.31,cooling_path failed after a 72-hour overheating pattern connected to amplifier overheating. Sensor rows in that window carry related_failure_id=F00427.,inspect component and replace if worn
F00428,M012,2023-04-08T12:17:14,foil_head,1.19,Minor,1,1,1,electrical_fault,battery degradation,0.82,True,72,43.41,0.508,1.108,48.64,foil_head failed after a 72-hour electrical_fault pattern connected to battery degradation. Sensor rows in that window carry related_failure_id=F00428.,reset and recalibrate sensor
F00429,M014,2023-04-10T06:24:00,battery_pack,3.93,Moderate,1,1,1,sensor_or_control,speaker fault,0.8,True,72,39.39,0.053,0.311,80.57,battery_pack failed after a 72-hour sensor_or_control pattern connected to speaker fault. Sensor rows in that window carry related_failure_id=F00429.,check power supply and wiring
F00430,M014,2023-04-20T18:03:00,battery_pack,2.5,Moderate,1,1,1,sensor_or_control,speaker fault,0.78,True,72,38.7,0.054,0.265,80.67,battery_pack failed after a 72-hour sensor_or_control pattern connected to speaker fault. Sensor rows in that window carry related_failure_id=F00430.,check power supply and wiring
F00431,M008,2023-04-23T01:41:00,drive_motor,1.66,Minor,1,1,1,blockage_or_jam,paper path obstruction,0.86,True,72,69.13,0.989,3.488,48.63,drive_motor failed after a 72-hour blockage_or_jam pattern connected to paper path obstruction. Sensor rows in that window carry related_failure_id=F00431.,schedule immediate service
F00432,M002,2023-04-23T19:56:00,hose,4.99,Moderate,1,1,1,overheating,motor overheating,0.83,True,72,109.91,1.328,8.753,67.6,hose failed after a 72-hour overheating pattern connected to motor overheating. Sensor rows in that window carry related_failure_id=F00432.,check power supply and wiring
F00433,M017,2023-04-26T12:49:44,thermal_sensor,8.5,Moderate,1,1,1,overheating,heating plate degradation,0.9,True,48,64.92,0.096,7.086,77.27,thermal_sensor failed after a 48-hour overheating pattern connected to heating plate degradation. Sensor rows in that window carry related_failure_id=F00433.,check power supply and wiring
F00434,M020,2023-04-29T04:10:00,charging_port,2.5,Minor,1,1,1,sensor_or_control,audio driver distortion,0.8,True,72,41.44,0.075,0.511,78.99,charging_port failed after a 72-hour sensor_or_control pattern connected to audio driver distortion. Sensor rows in that window carry related_failure_id=F00434.,reset and recalibrate sensor
F00435,M010,2023-05-05T11:13:00,bobbin_case,9.29,Major,1,1,1,wear_or_lubrication,needle drive vibration,0.98,False,72,61.95,1.964,3.542,35.26,bobbin_case failed after a 72-hour wear_or_lubrication pattern connected to needle drive vibration. Sensor rows in that window carry related_failure_id=F00435.,inspect component and replace if worn
F00436,M002,2023-05-05T15:39:00,hose,1.79,Minor,1,1,1,blockage_or_jam,airflow restriction,0.78,True,24,93.55,0.032,9.154,60.61,hose failed after a 24-hour blockage_or_jam pattern connected to airflow restriction. Sensor rows in that window carry related_failure_id=F00436.,schedule immediate service
F00437,M005,2023-05-07T13:03:08,network_module,23.03,Major,1,1,1,electrical_fault,power board instability,0.94,True,72,47.28,0.238,1.529,51.7,network_module failed after a 72-hour electrical_fault pattern connected to power board instability. Sensor rows in that window carry related_failure_id=F00437.,check power supply and wiring
F00438,M016,2023-05-10T18:28:18,mounting_clamp,5.16,Moderate,1,1,1,electrical_fault,power input noise,0.94,True,72,56.9,0.207,1.244,75.15,mounting_clamp failed after a 72-hour electrical_fault pattern connected to power input noise. Sensor rows in that window carry related_failure_id=F00438.,reset and recalibrate sensor
F00439,M001,2023-05-17T07:01:46,door_seal,34.39,Critical,1,1,1,overheating,heating element degradation,0.99,True,48,190.32,0.097,15.781,72.77,door_seal failed after a 48-hour overheating pattern connected to heating element degradation. Sensor rows in that window carry related_failure_id=F00439.,schedule immediate service
F00440,M012,2023-05-17T08:41:54,charging_port,24.0,Major,1,1,1,electrical_fault,battery degradation,0.83,True,48,42.7,0.503,1.423,46.79,charging_port failed after a 48-hour electrical_fault pattern connected to battery degradation. Sensor rows in that window carry related_failure_id=F00440.,reset and recalibrate sensor
F00441,M015,2023-05-18T06:21:18,refrigerant_loop,3.21,Moderate,1,1,1,wear_or_lubrication,fan motor bearing wear,0.88,True,72,55.54,0.726,11.605,28.41,refrigerant_loop failed after a 72-hour wear_or_lubrication pattern connected to fan motor bearing wear. Sensor rows in that window carry related_failure_id=F00441.,top up lubricant and inspect bearings
F00442,M005,2023-05-20T12:11:00,network_module,6.04,Moderate,1,1,1,electrical_fault,power board instability,0.95,True,96,47.75,0.213,1.666,53.32,network_module failed after a 96-hour electrical_fault pattern connected to power board instability. Sensor rows in that window carry related_failure_id=F00442.,reset and recalibrate sensor
F00443,M016,2023-05-23T18:27:00,trigger_sensor,5.62,Moderate,1,1,1,sensor_or_control,trigger sensor drift,0.96,True,48,62.47,0.203,1.201,77.05,trigger_sensor failed after a 48-hour sensor_or_control pattern connected to trigger sensor drift. Sensor rows in that window carry related_failure_id=F00443.,check power supply and wiring
F00444,M020,2023-05-25T23:56:00,battery_pack,4.03,Moderate,1,1,1,sensor_or_control,bluetooth module dropouts,0.91,False,72,36.06,0.057,0.44,78.21,battery_pack failed after a 72-hour sensor_or_control pattern connected to bluetooth module dropouts. Sensor rows in that window carry related_failure_id=F00444.,check power supply and wiring
F00445,M016,2023-05-29T13:31:00,mounting_clamp,1.1,Minor,1,1,1,overheating,audio processor overheating,0.79,True,48,51.9,0.221,1.326,81.31,mounting_clamp failed after a 48-hour overheating pattern connected to audio processor overheating. Sensor rows in that window carry related_failure_id=F00445.,schedule immediate service
F00446,M008,2023-05-29T13:32:00,paper_path_sensor,0.96,Minor,1,1,1,overheating,scan head overheating,0.79,True,72,71.54,0.789,3.417,52.55,paper_path_sensor failed after a 72-hour overheating pattern connected to scan head overheating. Sensor rows in that window carry related_failure_id=F00446.,schedule immediate service
F00447,M006,2023-05-30T04:08:00,lens_mount,10.9,Major,1,1,1,blockage_or_jam,lens mount obstruction,0.82,True,96,46.5,0.173,2.417,60.19,lens_mount failed after a 96-hour blockage_or_jam pattern connected to lens mount obstruction. Sensor rows in that window carry related_failure_id=F00447.,clean or clear obstruction
F00448,M015,2023-06-01T23:39:00,control_board,4.59,Moderate,1,1,1,electrical_fault,control board fault,0.78,True,72,55.0,0.966,13.782,32.54,control_board failed after a 72-hour electrical_fault pattern connected to control board fault. Sensor rows in that window carry related_failure_id=F00448.,reset and recalibrate sensor
F00449,M016,2023-06-03T04:22:00,power_input,1.75,Minor,1,1,1,electrical_fault,power input noise,0.83,True,72,38.58,0.202,1.404,80.04,power_input failed after a 72-hour electrical_fault pattern connected to power input noise. Sensor rows in that window carry related_failure_id=F00449.,check power supply and wiring
F00450,M011,2023-06-04T05:08:00,door_interlock,4.65,Moderate,1,1,1,sensor_or_control,door interlock fault,0.97,True,48,82.62,0.216,8.948,71.78,door_interlock failed after a 48-hour sensor_or_control pattern connected to door interlock fault. Sensor rows in that window carry related_failure_id=F00450.,check power supply and wiring
F00451,M008,2023-06-05T14:43:00,feed_roller,3.72,Moderate,1,1,1,overheating,scan head overheating,0.82,True,72,51.09,0.899,3.339,58.5,feed_roller failed after a 72-hour overheating pattern connected to scan head overheating. Sensor rows in that window carry related_failure_id=F00451.,schedule immediate service
F00452,M013,2023-06-06T10:43:56,drive_motor,23.35,Major,1,1,1,blockage_or_jam,blade jam,0.89,True,72,75.31,3.503,6.685,53.81,drive_motor failed after a 72-hour blockage_or_jam pattern connected to blade jam. Sensor rows in that window carry related_failure_id=F00452.,clean or clear obstruction
F00453,M008,2023-06-11T01:04:00,paper_path_sensor,6.64,Moderate,1,1,1,blockage_or_jam,paper path obstruction,0.79,True,72,71.47,0.71,3.102,42.93,paper_path_sensor failed after a 72-hour blockage_or_jam pattern connected to paper path obstruction. Sensor rows in that window carry related_failure_id=F00453.,schedule immediate service
F00454,M012,2023-06-15T11:59:00,charging_port,24.0,Major,1,1,1,electrical_fault,charging port fault,0.92,True,72,43.44,0.479,1.134,55.62,charging_port failed after a 72-hour electrical_fault pattern connected to charging port fault. Sensor rows in that window carry related_failure_id=F00454.,reset and recalibrate sensor
F00455,M018,2023-06-15T15:09:00,logic_board,8.5,Moderate,1,1,1,electrical_fault,battery low voltage,0.92,False,96,38.43,0.044,0.137,78.99,logic_board failed after a 96-hour electrical_fault pattern connected to battery low voltage. Sensor rows in that window carry related_failure_id=F00455.,reset and recalibrate sensor
F00456,M008,2023-06-17T17:10:00,paper_path_sensor,5.06,Moderate,1,1,1,overheating,scan head overheating,0.78,True,72,67.45,0.466,3.548,62.06,paper_path_sensor failed after a 72-hour overheating pattern connected to scan head overheating. Sensor rows in that window carry related_failure_id=F00456.,check power supply and wiring
F00457,M018,2023-06-22T10:00:00,battery_cell,45.59,Critical,1,1,1,electrical_fault,logic board reset,0.91,True,96,43.3,0.024,0.164,80.77,battery_cell failed after a 96-hour electrical_fault pattern connected to logic board reset. Sensor rows in that window carry related_failure_id=F00457.,reset and recalibrate sensor
F00458,M015,2023-06-25T03:16:00,refrigerant_loop,14.85,Major,1,1,1,wear_or_lubrication,fan motor bearing wear,0.87,True,96,51.02,1.19,13.138,28.19,refrigerant_loop failed after a 96-hour wear_or_lubrication pattern connected to fan motor bearing wear. Sensor rows in that window carry related_failure_id=F00458.,inspect component and replace if worn
F00459,M007,2023-06-28T02:58:00,imaging_drum,49.6,Critical,1,1,1,overheating,fuser overheating,0.99,True,72,137.62,1.035,12.218,36.9,imaging_drum failed after a 72-hour overheating pattern connected to fuser overheating. Sensor rows in that window carry related_failure_id=F00459.,inspect component and replace if worn
F00460,M005,2023-07-03T03:18:00,power_board,3.82,Moderate,1,1,1,electrical_fault,power board instability,0.91,True,24,51.26,0.084,1.551,71.01,power_board failed after a 24-hour electrical_fault pattern connected to power board instability. Sensor rows in that window carry related_failure_id=F00460.,check power supply and wiring
F00461,M016,2023-07-03T05:15:04,mounting_clamp,18.1,Major,1,1,1,sensor_or_control,trigger sensor drift,0.9,True,72,55.96,0.206,1.14,79.36,mounting_clamp failed after a 72-hour sensor_or_control pattern connected to trigger sensor drift. Sensor rows in that window carry related_failure_id=F00461.,reset and recalibrate sensor
F00462,M011,2023-07-05T02:32:38,door_interlock,8.14,Moderate,1,1,1,overheating,magnetron overheating,0.97,False,72,89.72,0.233,9.854,69.98,door_interlock failed after a 72-hour overheating pattern connected to magnetron overheating. Sensor rows in that window carry related_failure_id=F00462.,inspect component and replace if worn
F00463,M007,2023-07-10T07:30:00,imaging_drum,5.31,Moderate,1,1,1,blockage_or_jam,paper feed jam,0.93,True,72,200.11,0.894,10.91,43.24,imaging_drum failed after a 72-hour blockage_or_jam pattern connected to paper feed jam. Sensor rows in that window carry related_failure_id=F00463.,clean or clear obstruction
F00464,M016,2023-07-11T20:24:00,mounting_clamp,60.0,Critical,1,1,1,sensor_or_control,trigger sensor drift,0.85,True,72,69.42,0.19,1.249,81.48,mounting_clamp failed after a 72-hour sensor_or_control pattern connected to trigger sensor drift. Sensor rows in that window carry related_failure_id=F00464.,check power supply and wiring
F00465,M008,2023-07-11T23:35:00,feed_roller,0.84,Minor,1,1,1,overheating,scan head overheating,0.83,False,72,70.97,1.116,3.556,53.98,feed_roller failed after a 72-hour overheating pattern connected to scan head overheating. Sensor rows in that window carry related_failure_id=F00465.,schedule immediate service
F00466,M006,2023-07-16T10:02:31,battery_pack,1.65,Minor,1,1,1,wear_or_lubrication,shutter actuator wear,0.91,True,72,41.94,0.291,3.009,36.54,battery_pack failed after a 72-hour wear_or_lubrication pattern connected to shutter actuator wear. Sensor rows in that window carry related_failure_id=F00466.,top up lubricant and inspect bearings
F00467,M013,2023-07-18T01:04:00,drive_motor,1.43,Minor,1,1,1,blockage_or_jam,blade jam,0.96,True,72,96.81,0.601,6.829,64.6,drive_motor failed after a 72-hour blockage_or_jam pattern connected to blade jam. Sensor rows in that window carry related_failure_id=F00467.,schedule immediate service
F00468,M010,2023-07-18T03:29:00,bobbin_case,14.58,Major,1,1,1,wear_or_lubrication,needle drive vibration,0.92,True,72,78.17,0.85,3.703,39.76,bobbin_case failed after a 72-hour wear_or_lubrication pattern connected to needle drive vibration. Sensor rows in that window carry related_failure_id=F00468.,top up lubricant and inspect bearings
F00469,M015,2023-07-20T01:27:00,control_board,23.43,Major,1,1,1,wear_or_lubrication,fan motor bearing wear,0.83,True,48,56.46,1.085,12.189,43.56,control_board failed after a 48-hour wear_or_lubrication pattern connected to fan motor bearing wear. Sensor rows in that window carry related_failure_id=F00469.,inspect component and replace if worn
F00470,M005,2023-07-20T15:35:00,power_board,13.49,Major,1,1,1,electrical_fault,power board instability,0.92,False,72,47.76,0.211,2.03,58.13,power_board failed after a 72-hour electrical_fault pattern connected to power board instability. Sensor rows in that window carry related_failure_id=F00470.,check power supply and wiring
F00471,M005,2023-07-27T22:05:28,power_board,4.78,Moderate,1,1,1,electrical_fault,power board instability,0.91,True,72,49.99,0.176,1.706,39.62,power_board failed after a 72-hour electrical_fault pattern connected to power board instability. Sensor rows in that window carry related_failure_id=F00471.,check power supply and wiring
F00472,M017,2023-08-08T21:28:00,thermal_sensor,1.41,Minor,1,1,1,electrical_fault,power relay fault,0.83,False,72,88.34,0.068,6.353,79.05,thermal_sensor failed after a 72-hour electrical_fault pattern connected to power relay fault. Sensor rows in that window carry related_failure_id=F00472.,reset and recalibrate sensor
F00473,M001,2023-08-16T18:12:00,door_seal,0.87,Minor,1,1,1,pressure_or_airflow,cooling fan failure,0.92,True,72,195.22,0.085,15.672,75.14,door_seal failed after a 72-hour pressure_or_airflow pattern connected to cooling fan failure. Sensor rows in that window carry related_failure_id=F00473.,clean or clear obstruction
F00474,M011,2023-08-17T16:24:19,door_interlock,8.5,Moderate,1,1,1,overheating,magnetron overheating,0.99,True,48,98.07,0.234,9.177,71.47,door_interlock failed after a 48-hour overheating pattern connected to magnetron overheating. Sensor rows in that window carry related_failure_id=F00474.,check power supply and wiring
F00475,M006,2023-08-17T18:19:00,battery_pack,1.46,Minor,1,1,1,blockage_or_jam,lens mount obstruction,0.8,True,48,41.83,0.156,2.944,60.23,battery_pack failed after a 48-hour blockage_or_jam pattern connected to lens mount obstruction. Sensor rows in that window carry related_failure_id=F00475.,clean or clear obstruction
F00476,M010,2023-08-19T23:19:00,bobbin_case,4.6,Moderate,1,1,1,wear_or_lubrication,insufficient lubrication,0.93,True,96,60.46,1.496,3.74,42.66,bobbin_case failed after a 96-hour wear_or_lubrication pattern connected to insufficient lubrication. Sensor rows in that window carry related_failure_id=F00476.,inspect component and replace if worn
F00477,M001,2023-08-20T01:31:00,door_seal,7.44,Moderate,1,1,1,overheating,heating element degradation,0.96,True,48,162.57,0.081,13.67,67.93,door_seal failed after a 48-hour overheating pattern connected to heating element degradation. Sensor rows in that window carry related_failure_id=F00477.,schedule immediate service
F00478,M006,2023-08-22T09:04:00,image_sensor,4.57,Moderate,1,1,1,blockage_or_jam,lens mount obstruction,0.83,True,72,44.18,0.286,3.535,43.71,image_sensor failed after a 72-hour blockage_or_jam pattern connected to lens mount obstruction. Sensor rows in that window carry related_failure_id=F00478.,schedule immediate service
F00479,M012,2023-08-26T13:46:00,blade_motor,5.36,Moderate,1,1,1,electrical_fault,battery degradation,0.8,True,72,44.93,0.521,1.199,53.82,blade_motor failed after a 72-hour electrical_fault pattern connected to battery degradation. Sensor rows in that window carry related_failure_id=F00479.,check power supply and wiring
F00480,M015,2023-08-29T04:20:00,refrigerant_loop,1.06,Minor,1,1,1,electrical_fault,control board fault,0.96,True,72,57.5,0.318,18.367,53.87,refrigerant_loop failed after a 72-hour electrical_fault pattern connected to control board fault. Sensor rows in that window carry related_failure_id=F00480.,check power supply and wiring
F00481,M013,2023-08-30T20:23:00,blade_assembly,6.19,Moderate,1,1,1,wear_or_lubrication,coupler wear,0.97,True,72,77.23,2.868,7.403,56.04,blade_assembly failed after a 72-hour wear_or_lubrication pattern connected to coupler wear. Sensor rows in that window carry related_failure_id=F00481.,top up lubricant and inspect bearings
F00482,M004,2023-08-31T02:20:00,cooling_path,15.11,Major,1,1,1,electrical_fault,power supply instability,0.77,True,72,53.97,0.158,4.996,83.0,cooling_path failed after a 72-hour electrical_fault pattern connected to power supply instability. Sensor rows in that window carry related_failure_id=F00482.,reset and recalibrate sensor
F00483,M020,2023-09-05T21:07:45,bluetooth_module,1.55,Minor,1,1,1,electrical_fault,charging port fault,0.91,True,72,40.15,0.048,0.614,85.98,bluetooth_module failed after a 72-hour electrical_fault pattern connected to charging port fault. Sensor rows in that window carry related_failure_id=F00483.,reset and recalibrate sensor
F00484,M018,2023-09-14T16:56:00,battery_cell,4.4,Moderate,1,1,1,electrical_fault,logic board reset,0.79,True,72,40.02,0.013,0.079,81.53,battery_cell failed after a 72-hour electrical_fault pattern connected to logic board reset. Sensor rows in that window carry related_failure_id=F00484.,reset and recalibrate sensor
F00485,M004,2023-09-17T19:53:00,cooling_path,6.16,Moderate,1,1,1,electrical_fault,power supply instability,0.77,True,96,55.42,0.147,4.948,86.11,cooling_path failed after a 96-hour electrical_fault pattern connected to power supply instability. Sensor rows in that window carry related_failure_id=F00485.,reset and recalibrate sensor
F00486,M015,2023-09-20T19:35:00,refrigerant_loop,6.81,Moderate,1,1,1,wear_or_lubrication,fan motor bearing wear,0.97,True,72,56.5,0.786,12.736,35.57,refrigerant_loop failed after a 72-hour wear_or_lubrication pattern connected to fan motor bearing wear. Sensor rows in that window carry related_failure_id=F00486.,inspect component and replace if worn
F00487,M019,2023-09-22T01:40:00,door_seal,1.89,Minor,1,1,1,sensor_or_control,thermostat drift,0.92,False,72,28.05,0.544,4.904,62.97,door_seal failed after a 72-hour sensor_or_control pattern connected to thermostat drift. Sensor rows in that window carry related_failure_id=F00487.,check power supply and wiring
F00488,M009,2023-09-24T14:18:00,temperature_sensor,7.81,Moderate,1,1,1,electrical_fault,power module fault,0.86,True,72,210.41,0.341,25.0,52.27,temperature_sensor failed after a 72-hour electrical_fault pattern connected to power module fault. Sensor rows in that window carry related_failure_id=F00488.,check power supply and wiring
F00489,M015,2023-09-26T06:17:59,refrigerant_loop,15.75,Major,1,1,1,electrical_fault,control board fault,0.91,True,48,55.91,0.166,15.579,40.18,refrigerant_loop failed after a 48-hour electrical_fault pattern connected to control board fault. Sensor rows in that window carry related_failure_id=F00489.,check power supply and wiring
F00490,M002,2023-10-03T18:05:00,motor,1.49,Minor,1,1,1,overheating,motor overheating,0.92,True,72,104.26,0.511,10.177,67.27,motor failed after a 72-hour overheating pattern connected to motor overheating. Sensor rows in that window carry related_failure_id=F00490.,schedule immediate service
F00491,M009,2023-10-04T09:45:35,induction_coil,4.11,Moderate,1,1,1,electrical_fault,power module fault,0.87,True,72,147.04,0.342,24.2,50.62,induction_coil failed after a 72-hour electrical_fault pattern connected to power module fault. Sensor rows in that window carry related_failure_id=F00491.,check power supply and wiring
F00492,M004,2023-10-08T08:48:00,speaker_driver,13.1,Major,1,1,1,blockage_or_jam,ventilation blockage,0.77,True,48,59.83,0.257,4.477,83.93,speaker_driver failed after a 48-hour blockage_or_jam pattern connected to ventilation blockage. Sensor rows in that window carry related_failure_id=F00492.,schedule immediate service
F00493,M010,2023-10-08T16:43:19,bobbin_case,15.3,Major,1,1,1,overheating,motor overheating,0.92,False,72,108.97,0.55,3.418,71.81,bobbin_case failed after a 72-hour overheating pattern connected to motor overheating. Sensor rows in that window carry related_failure_id=F00493.,check power supply and wiring
F00494,M011,2023-10-16T07:07:00,magnetron,5.55,Moderate,1,1,1,overheating,magnetron overheating,0.83,False,72,113.63,0.232,9.565,66.63,magnetron failed after a 72-hour overheating pattern connected to magnetron overheating. Sensor rows in that window carry related_failure_id=F00494.,check power supply and wiring
F00495,M015,2023-10-17T14:08:00,compressor,12.73,Major,1,1,1,wear_or_lubrication,fan motor bearing wear,0.79,True,72,57.77,1.104,12.011,22.05,compressor failed after a 72-hour wear_or_lubrication pattern connected to fan motor bearing wear. Sensor rows in that window carry related_failure_id=F00495.,top up lubricant and inspect bearings
F00496,M013,2023-10-17T20:20:00,blade_assembly,12.01,Major,1,1,1,wear_or_lubrication,coupler wear,0.82,True,72,83.97,2.107,6.857,42.58,blade_assembly failed after a 72-hour wear_or_lubrication pattern connected to coupler wear. Sensor rows in that window carry related_failure_id=F00496.,top up lubricant and inspect bearings
F00497,M017,2023-10-19T08:59:00,power_relay,1.05,Minor,1,1,1,sensor_or_control,thermal sensor drift,0.89,False,72,83.94,0.047,6.125,75.47,power_relay failed after a 72-hour sensor_or_control pattern connected to thermal sensor drift. Sensor rows in that window carry related_failure_id=F00497.,reset and recalibrate sensor
F00498,M003,2023-10-19T15:08:00,circulation_pump,48.12,Critical,1,1,1,pressure_or_airflow,water pressure anomaly,0.96,True,48,94.85,0.492,9.636,69.13,circulation_pump failed after a 48-hour pressure_or_airflow pattern connected to water pressure anomaly. Sensor rows in that window carry related_failure_id=F00498.,inspect component and replace if worn
F00499,M008,2023-10-24T04:39:00,drive_motor,1.44,Minor,1,1,1,overheating,scan head overheating,0.91,True,72,82.36,1.004,3.297,47.88,drive_motor failed after a 72-hour overheating pattern connected to scan head overheating. Sensor rows in that window carry related_failure_id=F00499.,check power supply and wiring
F00500,M014,2023-10-26T04:14:00,keypad,1.04,Minor,1,1,1,sensor_or_control,speaker fault,0.9,True,72,41.74,0.036,0.353,76.63,keypad failed after a 72-hour sensor_or_control pattern connected to speaker fault. Sensor rows in that window carry related_failure_id=F00500.,reset and recalibrate sensor
F00501,M002,2023-10-29T06:28:00,filter,1.98,Minor,1,1,1,blockage_or_jam,airflow restriction,0.93,True,72,102.3,0.327,10.009,72.23,filter failed after a 72-hour blockage_or_jam pattern connected to airflow restriction. Sensor rows in that window carry related_failure_id=F00501.,clean or clear obstruction
F00502,M018,2023-10-29T15:36:00,keypad_matrix,1.6,Minor,1,1,1,sensor_or_control,keypad contact issue,0.81,True,48,39.14,0.038,0.068,81.6,keypad_matrix failed after a 48-hour sensor_or_control pattern connected to keypad contact issue. Sensor rows in that window carry related_failure_id=F00502.,reset and recalibrate sensor
F00503,M004,2023-10-31T15:59:00,speaker_driver,1.64,Minor,1,1,1,electrical_fault,power supply instability,0.82,True,48,68.13,0.364,4.925,75.01,speaker_driver failed after a 48-hour electrical_fault pattern connected to power supply instability. Sensor rows in that window carry related_failure_id=F00503.,reset and recalibrate sensor
F00504,M015,2023-10-31T20:06:40,control_board,13.05,Major,1,1,1,electrical_fault,control board fault,0.98,True,48,57.51,0.001,14.292,26.14,control_board failed after a 48-hour electrical_fault pattern connected to control board fault. Sensor rows in that window carry related_failure_id=F00504.,check power supply and wiring
F00505,M007,2023-11-03T12:23:02,imaging_drum,1.64,Minor,1,1,1,overheating,fuser overheating,0.78,True,72,270.08,0.562,10.754,42.28,imaging_drum failed after a 72-hour overheating pattern connected to fuser overheating. Sensor rows in that window carry related_failure_id=F00505.,check power supply and wiring
F00506,M013,2023-11-04T02:27:00,blade_assembly,5.15,Moderate,1,1,1,blockage_or_jam,blade jam,0.9,True,72,83.17,1.769,7.13,40.26,blade_assembly failed after a 72-hour blockage_or_jam pattern connected to blade jam. Sensor rows in that window carry related_failure_id=F00506.,clean or clear obstruction
F00507,M010,2023-11-04T09:03:00,bobbin_case,0.83,Minor,1,1,1,overheating,motor overheating,0.97,True,72,93.87,2.299,3.499,55.01,bobbin_case failed after a 72-hour overheating pattern connected to motor overheating. Sensor rows in that window carry related_failure_id=F00507.,check power supply and wiring
F00508,M007,2023-11-05T01:22:00,imaging_drum,1.47,Minor,1,1,1,blockage_or_jam,paper feed jam,0.87,True,48,144.26,0.721,9.917,46.81,imaging_drum failed after a 48-hour blockage_or_jam pattern connected to paper feed jam. Sensor rows in that window carry related_failure_id=F00508.,clean or clear obstruction
F00509,M014,2023-11-06T13:38:00,battery_pack,1.94,Minor,1,1,1,sensor_or_control,speaker fault,0.85,True,72,40.55,0.043,0.299,75.33,battery_pack failed after a 72-hour sensor_or_control pattern connected to speaker fault. Sensor rows in that window carry related_failure_id=F00509.,check power supply and wiring
F00510,M014,2023-11-06T16:28:00,keypad,60.0,Critical,1,1,1,sensor_or_control,keypad fault,0.88,True,72,40.21,0.049,0.317,83.68,keypad failed after a 72-hour sensor_or_control pattern connected to keypad fault. Sensor rows in that window carry related_failure_id=F00510.,reset and recalibrate sensor
F00511,M002,2023-11-08T08:13:00,hose,23.55,Major,1,1,1,overheating,motor overheating,0.97,True,72,98.76,1.83,8.78,71.69,hose failed after a 72-hour overheating pattern connected to motor overheating. Sensor rows in that window carry related_failure_id=F00511.,schedule immediate service
F00512,M015,2023-11-12T11:13:08,refrigerant_loop,24.0,Major,1,1,1,electrical_fault,control board fault,0.84,True,72,59.6,0.886,15.777,52.98,refrigerant_loop failed after a 72-hour electrical_fault pattern connected to control board fault. Sensor rows in that window carry related_failure_id=F00512.,check power supply and wiring
F00513,M019,2023-11-12T11:46:00,thermostat,22.89,Major,1,1,1,pressure_or_airflow,door seal leak,0.82,True,72,34.32,0.266,4.93,52.6,thermostat failed after a 72-hour pressure_or_airflow pattern connected to door seal leak. Sensor rows in that window carry related_failure_id=F00513.,inspect component and replace if worn
F00514,M008,2023-11-13T18:11:00,drive_motor,29.57,Critical,1,1,1,wear_or_lubrication,feed roller wear,0.97,True,72,58.98,0.679,3.339,35.17,drive_motor failed after a 72-hour wear_or_lubrication pattern connected to feed roller wear. Sensor rows in that window carry related_failure_id=F00514.,top up lubricant and inspect bearings
F00515,M020,2023-11-15T07:23:00,audio_driver,10.93,Major,1,1,1,electrical_fault,battery degradation,0.8,True,72,43.91,0.055,0.517,80.09,audio_driver failed after a 72-hour electrical_fault pattern connected to battery degradation. Sensor rows in that window carry related_failure_id=F00515.,reset and recalibrate sensor
F00516,M002,2023-11-15T16:26:00,hose,33.05,Critical,1,1,1,blockage_or_jam,brush roll jam,0.83,True,48,102.62,0.015,9.736,63.86,hose failed after a 48-hour blockage_or_jam pattern connected to brush roll jam. Sensor rows in that window carry related_failure_id=F00516.,clean or clear obstruction
F00517,M018,2023-11-21T06:30:12,lcd_display,13.72,Major,1,1,1,electrical_fault,battery low voltage,0.9,True,72,36.81,0.039,0.08,81.08,lcd_display failed after a 72-hour electrical_fault pattern connected to battery low voltage. Sensor rows in that window carry related_failure_id=F00517.,reset and recalibrate sensor
F00518,M001,2023-11-23T23:29:00,door_seal,8.5,Moderate,1,1,1,pressure_or_airflow,cooling fan failure,0.84,True,72,197.76,0.084,14.982,66.99,door_seal failed after a 72-hour pressure_or_airflow pattern connected to cooling fan failure. Sensor rows in that window carry related_failure_id=F00518.,inspect component and replace if worn
F00519,M008,2023-11-27T01:22:00,drive_motor,12.47,Major,1,1,1,blockage_or_jam,paper path obstruction,0.98,True,72,46.4,1.17,3.207,51.81,drive_motor failed after a 72-hour blockage_or_jam pattern connected to paper path obstruction. Sensor rows in that window carry related_failure_id=F00519.,schedule immediate service
F00520,M016,2023-12-03T09:55:47,power_input,2.64,Moderate,1,1,1,electrical_fault,power input noise,0.95,True,72,61.92,0.212,1.219,77.86,power_input failed after a 72-hour electrical_fault pattern connected to power input noise. Sensor rows in that window carry related_failure_id=F00520.,reset and recalibrate sensor
F00521,M011,2023-12-07T20:16:04,door_interlock,24.0,Major,1,1,1,sensor_or_control,door interlock fault,0.91,True,72,60.77,0.238,9.09,69.33,door_interlock failed after a 72-hour sensor_or_control pattern connected to door interlock fault. Sensor rows in that window carry related_failure_id=F00521.,check power supply and wiring
F00522,M004,2023-12-09T16:01:51,cooling_path,6.11,Moderate,1,1,1,blockage_or_jam,ventilation blockage,0.76,True,72,67.6,0.004,3.634,81.06,cooling_path failed after a 72-hour blockage_or_jam pattern connected to ventilation blockage. Sensor rows in that window carry related_failure_id=F00522.,clean or clear obstruction
F00523,M003,2023-12-11T20:29:55,circulation_pump,1.6,Minor,1,1,1,pressure_or_airflow,water pressure anomaly,0.86,False,72,64.54,0.931,9.542,71.31,circulation_pump failed after a 72-hour pressure_or_airflow pattern connected to water pressure anomaly. Sensor rows in that window carry related_failure_id=F00523.,inspect component and replace if worn
F00524,M018,2023-12-13T06:27:15,logic_board,1.69,Minor,1,1,1,electrical_fault,battery low voltage,0.78,True,72,34.51,0.028,0.183,90.3,logic_board failed after a 72-hour electrical_fault pattern connected to battery low voltage. Sensor rows in that window carry related_failure_id=F00524.,check power supply and wiring
F00525,M019,2023-12-15T12:09:00,door_seal,2.88,Moderate,1,1,1,wear_or_lubrication,condenser fan imbalance,0.98,True,72,26.16,0.19,4.876,50.33,door_seal failed after a 72-hour wear_or_lubrication pattern connected to condenser fan imbalance. Sensor rows in that window carry related_failure_id=F00525.,inspect component and replace if worn
F00526,M018,2023-12-18T19:46:00,lcd_display,5.9,Moderate,1,1,1,sensor_or_control,display segment fault,0.84,True,72,35.52,0.049,0.181,79.12,lcd_display failed after a 72-hour sensor_or_control pattern connected to display segment fault. Sensor rows in that window carry related_failure_id=F00526.,check power supply and wiring
F00527,M004,2023-12-28T09:18:00,speaker_driver,24.0,Major,1,1,1,overheating,amplifier overheating,0.77,True,72,94.08,0.173,4.082,81.02,speaker_driver failed after a 72-hour overheating pattern connected to amplifier overheating. Sensor rows in that window carry related_failure_id=F00527.,schedule immediate service
F00528,M006,2023-12-30T12:11:00,image_sensor,5.08,Moderate,1,1,1,wear_or_lubrication,shutter actuator wear,0.78,True,24,48.44,0.287,3.185,43.0,image_sensor failed after a 24-hour wear_or_lubrication pattern connected to shutter actuator wear. Sensor rows in that window carry related_failure_id=F00528.,top up lubricant and inspect bearings
F00529,M004,2024-01-04T19:51:00,cooling_path,5.22,Moderate,1,1,1,blockage_or_jam,ventilation blockage,0.89,True,72,49.94,0.255,4.14,78.76,cooling_path failed after a 72-hour blockage_or_jam pattern connected to ventilation blockage. Sensor rows in that window carry related_failure_id=F00529.,clean or clear obstruction
F00530,M004,2024-01-07T03:15:00,cooling_path,3.54,Moderate,1,1,1,overheating,amplifier overheating,0.97,True,48,83.05,0.492,4.526,74.35,cooling_path failed after a 48-hour overheating pattern connected to amplifier overheating. Sensor rows in that window carry related_failure_id=F00530.,inspect component and replace if worn
F00531,M011,2024-01-07T11:05:34,door_interlock,1.13,Minor,1,1,1,sensor_or_control,door interlock fault,0.92,False,72,98.55,0.257,9.413,67.55,door_interlock failed after a 72-hour sensor_or_control pattern connected to door interlock fault. Sensor rows in that window carry related_failure_id=F00531.,check power supply and wiring
F00532,M020,2024-01-10T14:38:00,audio_driver,8.6,Major,1,1,1,sensor_or_control,bluetooth module dropouts,0.86,True,72,44.58,0.063,0.478,78.67,audio_driver failed after a 72-hour sensor_or_control pattern connected to bluetooth module dropouts. Sensor rows in that window carry related_failure_id=F00532.,check power supply and wiring
F00533,M016,2024-01-10T19:58:00,audio_processor,1.6,Minor,1,1,1,overheating,audio processor overheating,0.99,True,72,55.1,0.195,1.185,76.05,audio_processor failed after a 72-hour overheating pattern connected to audio processor overheating. Sensor rows in that window carry related_failure_id=F00533.,inspect component and replace if worn
F00534,M005,2024-01-21T10:45:57,image_sensor,1.81,Minor,1,1,1,sensor_or_control,network module fault,0.85,True,96,49.19,0.332,1.018,63.69,image_sensor failed after a 96-hour sensor_or_control pattern connected to network module fault. Sensor rows in that window carry related_failure_id=F00534.,reset and recalibrate sensor
F00535,M002,2024-01-21T13:23:00,motor,33.87,Critical,1,1,1,blockage_or_jam,brush roll jam,0.84,True,72,73.75,2.727,8.675,72.97,motor failed after a 72-hour blockage_or_jam pattern connected to brush roll jam. Sensor rows in that window carry related_failure_id=F00535.,schedule immediate service
F00536,M005,2024-01-21T20:11:00,pan_tilt_motor,3.75,Moderate,1,1,1,wear_or_lubrication,pan tilt motor binding,0.78,True,72,45.75,0.401,1.199,56.84,pan_tilt_motor failed after a 72-hour wear_or_lubrication pattern connected to pan tilt motor binding. Sensor rows in that window carry related_failure_id=F00536.,inspect component and replace if worn
F00537,M002,2024-01-30T05:44:00,hose,1.24,Minor,1,1,1,blockage_or_jam,airflow restriction,0.95,True,72,73.04,1.814,9.217,66.57,hose failed after a 72-hour blockage_or_jam pattern connected to airflow restriction. Sensor rows in that window carry related_failure_id=F00537.,clean or clear obstruction
F00538,M009,2024-02-07T23:24:00,power_module,2.85,Moderate,1,1,1,overheating,induction coil overheating,0.82,True,72,193.56,0.321,20.481,51.59,power_module failed after a 72-hour overheating pattern connected to induction coil overheating. Sensor rows in that window carry related_failure_id=F00538.,check power supply and wiring
F00539,M004,2024-02-11T16:31:00,cooling_path,5.71,Moderate,1,1,1,blockage_or_jam,ventilation blockage,0.92,True,72,72.45,0.535,3.372,88.81,cooling_path failed after a 72-hour blockage_or_jam pattern connected to ventilation blockage. Sensor rows in that window carry related_failure_id=F00539.,clean or clear obstruction
F00540,M001,2024-02-12T03:15:00,cooling_fan,4.83,Moderate,1,1,1,overheating,heating element degradation,0.77,True,72,233.4,0.073,15.806,67.16,cooling_fan failed after a 72-hour overheating pattern connected to heating element degradation. Sensor rows in that window carry related_failure_id=F00540.,check power supply and wiring
F00541,M011,2024-02-17T21:33:00,door_interlock,24.0,Major,1,1,1,overheating,magnetron overheating,0.93,True,48,71.48,0.243,9.744,64.72,door_interlock failed after a 48-hour overheating pattern connected to magnetron overheating. Sensor rows in that window carry related_failure_id=F00541.,inspect component and replace if worn
F00542,M013,2024-02-20T21:01:00,drive_motor,22.78,Major,1,1,1,wear_or_lubrication,coupler wear,0.87,True,72,112.87,0.497,6.533,46.78,drive_motor failed after a 72-hour wear_or_lubrication pattern connected to coupler wear. Sensor rows in that window carry related_failure_id=F00542.,inspect component and replace if worn
F00543,M016,2024-02-25T21:01:00,power_input,0.74,Minor,1,1,1,electrical_fault,power input noise,0.97,True,72,56.53,0.204,1.786,76.91,power_input failed after a 72-hour electrical_fault pattern connected to power input noise. Sensor rows in that window carry related_failure_id=F00543.,check power supply and wiring
F00544,M004,2024-02-28T23:49:00,cooling_path,1.93,Minor,1,1,1,sensor_or_control,speaker driver distortion,0.93,True,72,57.03,0.196,4.286,82.92,cooling_path failed after a 72-hour sensor_or_control pattern connected to speaker driver distortion. Sensor rows in that window carry related_failure_id=F00544.,reset and recalibrate sensor
F00545,M020,2024-03-03T03:42:00,charging_port,5.28,Moderate,1,1,1,sensor_or_control,audio driver distortion,0.87,True,72,41.58,0.081,0.434,88.69,charging_port failed after a 72-hour sensor_or_control pattern connected to audio driver distortion. Sensor rows in that window carry related_failure_id=F00545.,check power supply and wiring
F00546,M017,2024-03-03T05:05:00,power_relay,4.1,Moderate,1,1,1,pressure_or_airflow,lid seal leak,0.99,True,24,75.43,0.058,6.476,73.77,power_relay failed after a 24-hour pressure_or_airflow pattern connected to lid seal leak. Sensor rows in that window carry related_failure_id=F00546.,clean or clear obstruction
F00547,M001,2024-03-06T20:50:00,cooling_fan,11.39,Major,1,1,1,overheating,heating element degradation,0.88,True,72,202.85,0.08,15.736,72.21,cooling_fan failed after a 72-hour overheating pattern connected to heating element degradation. Sensor rows in that window carry related_failure_id=F00547.,inspect component and replace if worn
F00548,M020,2024-03-06T21:26:00,audio_driver,7.11,Moderate,1,1,1,sensor_or_control,audio driver distortion,0.81,False,72,39.13,0.061,0.525,85.2,audio_driver failed after a 72-hour sensor_or_control pattern connected to audio driver distortion. Sensor rows in that window carry related_failure_id=F00548.,check power supply and wiring
F00549,M012,2024-03-08T00:48:00,foil_head,2.03,Minor,1,1,1,electrical_fault,charging port fault,0.85,False,72,46.6,0.505,1.338,48.73,foil_head failed after a 72-hour electrical_fault pattern connected to charging port fault. Sensor rows in that window carry related_failure_id=F00549.,check power supply and wiring
F00550,M003,2024-03-14T05:47:00,drain_pump,8.5,Major,1,1,1,blockage_or_jam,drain restriction,0.83,True,72,68.1,0.505,8.958,70.21,drain_pump failed after a 72-hour blockage_or_jam pattern connected to drain restriction. Sensor rows in that window carry related_failure_id=F00550.,schedule immediate service
F00551,M015,2024-03-15T02:48:00,refrigerant_loop,1.66,Minor,1,1,1,wear_or_lubrication,fan motor bearing wear,0.83,True,72,59.3,2.16,13.496,33.31,refrigerant_loop failed after a 72-hour wear_or_lubrication pattern connected to fan motor bearing wear. Sensor rows in that window carry related_failure_id=F00551.,inspect component and replace if worn
F00552,M011,2024-03-18T22:22:50,door_interlock,24.0,Major,1,1,1,sensor_or_control,door interlock fault,0.85,True,72,66.83,0.25,9.195,66.85,door_interlock failed after a 72-hour sensor_or_control pattern connected to door interlock fault. Sensor rows in that window carry related_failure_id=F00552.,reset and recalibrate sensor
F00553,M015,2024-03-22T00:57:00,control_board,6.1,Moderate,1,1,1,wear_or_lubrication,fan motor bearing wear,0.98,True,48,57.41,1.034,12.819,44.64,control_board failed after a 48-hour wear_or_lubrication pattern connected to fan motor bearing wear. Sensor rows in that window carry related_failure_id=F00553.,top up lubricant and inspect bearings
F00554,M001,2024-03-27T08:24:32,door_seal,38.18,Critical,1,1,1,overheating,heating element degradation,0.82,True,72,123.67,0.092,16.037,72.98,door_seal failed after a 72-hour overheating pattern connected to heating element degradation. Sensor rows in that window carry related_failure_id=F00554.,schedule immediate service
F00555,M010,2024-03-28T11:04:51,bobbin_case,15.94,Major,1,1,1,wear_or_lubrication,insufficient lubrication,0.81,True,72,77.48,1.956,3.663,47.15,bobbin_case failed after a 72-hour wear_or_lubrication pattern connected to insufficient lubrication. Sensor rows in that window carry related_failure_id=F00555.,inspect component and replace if worn
F00556,M020,2024-03-29T06:06:00,charging_port,12.96,Major,1,1,1,electrical_fault,charging port fault,0.95,True,72,37.88,0.069,0.36,80.7,charging_port failed after a 72-hour electrical_fault pattern connected to charging port fault. Sensor rows in that window carry related_failure_id=F00556.,reset and recalibrate sensor
F00557,M014,2024-03-29T14:13:08,keypad,16.87,Major,1,1,1,sensor_or_control,keypad fault,0.93,True,72,39.72,0.065,0.181,84.6,keypad failed after a 72-hour sensor_or_control pattern connected to keypad fault. Sensor rows in that window carry related_failure_id=F00557.,check power supply and wiring
F00558,M016,2024-03-30T01:35:00,power_input,0.58,Minor,1,1,1,sensor_or_control,trigger sensor drift,0.89,False,72,64.38,0.202,1.121,78.22,power_input failed after a 72-hour sensor_or_control pattern connected to trigger sensor drift. Sensor rows in that window carry related_failure_id=F00558.,reset and recalibrate sensor
F00559,M005,2024-04-01T22:13:00,power_board,7.43,Moderate,1,1,1,electrical_fault,power board instability,0.87,True,72,45.95,0.001,1.781,57.39,power_board failed after a 72-hour electrical_fault pattern connected to power board instability. Sensor rows in that window carry related_failure_id=F00559.,check power supply and wiring
F00560,M013,2024-04-04T11:13:50,drive_motor,6.66,Moderate,1,1,1,blockage_or_jam,blade jam,0.97,True,72,64.25,3.128,6.93,70.25,drive_motor failed after a 72-hour blockage_or_jam pattern connected to blade jam. Sensor rows in that window carry related_failure_id=F00560.,clean or clear obstruction
F00561,M019,2024-04-04T21:49:00,condenser_fan,17.92,Major,1,1,1,wear_or_lubrication,condenser fan imbalance,0.97,True,72,34.15,0.931,4.911,48.11,condenser_fan failed after a 72-hour wear_or_lubrication pattern connected to condenser fan imbalance. Sensor rows in that window carry related_failure_id=F00561.,top up lubricant and inspect bearings
F00562,M011,2024-04-07T22:18:00,magnetron,1.53,Minor,1,1,1,sensor_or_control,door interlock fault,0.82,True,72,78.86,0.235,9.519,71.46,magnetron failed after a 72-hour sensor_or_control pattern connected to door interlock fault. Sensor rows in that window carry related_failure_id=F00562.,check power supply and wiring
F00563,M012,2024-04-08T22:11:09,charging_port,51.06,Critical,1,1,1,electrical_fault,battery degradation,0.76,True,72,50.62,0.5,1.133,44.73,charging_port failed after a 72-hour electrical_fault pattern connected to battery degradation. Sensor rows in that window carry related_failure_id=F00563.,reset and recalibrate sensor
F00564,M017,2024-04-10T03:16:00,power_relay,1.38,Minor,1,1,1,pressure_or_airflow,lid seal leak,0.77,True,72,90.5,0.087,5.616,80.68,power_relay failed after a 72-hour pressure_or_airflow pattern connected to lid seal leak. Sensor rows in that window carry related_failure_id=F00564.,clean or clear obstruction
F00565,M018,2024-04-14T13:01:00,logic_board,1.85,Minor,1,1,1,electrical_fault,battery low voltage,0.92,False,72,39.18,0.03,0.056,82.01,logic_board failed after a 72-hour electrical_fault pattern connected to battery low voltage. Sensor rows in that window carry related_failure_id=F00565.,check power supply and wiring
F00566,M019,2024-04-15T12:49:00,thermostat,60.0,Critical,1,1,1,pressure_or_airflow,door seal leak,0.86,True,72,33.97,0.68,4.841,70.4,thermostat failed after a 72-hour pressure_or_airflow pattern connected to door seal leak. Sensor rows in that window carry related_failure_id=F00566.,clean or clear obstruction
F00567,M020,2024-04-16T13:54:00,audio_driver,40.16,Critical,1,1,1,sensor_or_control,bluetooth module dropouts,0.95,True,72,43.91,0.048,0.465,79.07,audio_driver failed after a 72-hour sensor_or_control pattern connected to bluetooth module dropouts. Sensor rows in that window carry related_failure_id=F00567.,reset and recalibrate sensor
F00568,M016,2024-04-22T23:37:00,power_input,6.15,Moderate,1,1,1,sensor_or_control,trigger sensor drift,0.81,False,24,65.89,0.219,1.23,76.75,power_input failed after a 24-hour sensor_or_control pattern connected to trigger sensor drift. Sensor rows in that window carry related_failure_id=F00568.,check power supply and wiring
F00569,M020,2024-04-26T04:04:00,bluetooth_module,24.0,Major,1,1,1,electrical_fault,charging port fault,0.83,True,24,45.99,0.07,0.522,84.03,bluetooth_module failed after a 24-hour electrical_fault pattern connected to charging port fault. Sensor rows in that window carry related_failure_id=F00569.,check power supply and wiring
F00570,M001,2024-04-27T03:28:00,door_seal,1.31,Minor,1,1,1,sensor_or_control,thermal sensor drift,0.95,True,72,208.94,0.077,15.192,73.63,door_seal failed after a 72-hour sensor_or_control pattern connected to thermal sensor drift. Sensor rows in that window carry related_failure_id=F00570.,reset and recalibrate sensor
F00571,M001,2024-05-05T22:39:00,cooling_fan,2.06,Minor,1,1,1,sensor_or_control,thermal sensor drift,0.92,True,24,180.42,0.115,16.142,69.55,cooling_fan failed after a 24-hour sensor_or_control pattern connected to thermal sensor drift. Sensor rows in that window carry related_failure_id=F00571.,check power supply and wiring
F00572,M001,2024-05-07T03:53:00,cooling_fan,1.65,Minor,1,1,1,sensor_or_control,thermal sensor drift,0.9,True,72,270.8,0.092,16.556,61.85,cooling_fan failed after a 72-hour sensor_or_control pattern connected to thermal sensor drift. Sensor rows in that window carry related_failure_id=F00572.,reset and recalibrate sensor
F00573,M020,2024-05-07T17:31:00,audio_driver,2.06,Minor,1,1,1,electrical_fault,charging port fault,0.97,True,72,39.48,0.075,0.555,80.63,audio_driver failed after a 72-hour electrical_fault pattern connected to charging port fault. Sensor rows in that window carry related_failure_id=F00573.,check power supply and wiring
F00574,M018,2024-05-12T04:49:00,battery_cell,5.88,Moderate,1,1,1,sensor_or_control,keypad contact issue,0.76,True,48,42.22,0.048,0.12,77.31,battery_cell failed after a 48-hour sensor_or_control pattern connected to keypad contact issue. Sensor rows in that window carry related_failure_id=F00574.,reset and recalibrate sensor
F00575,M012,2024-05-13T02:27:59,foil_head,1.49,Minor,1,1,1,electrical_fault,charging port fault,0.98,True,96,43.61,0.517,1.309,54.91,foil_head failed after a 96-hour electrical_fault pattern connected to charging port fault. Sensor rows in that window carry related_failure_id=F00575.,reset and recalibrate sensor
F00576,M014,2024-05-13T22:34:00,battery_pack,18.11,Major,1,1,1,electrical_fault,charging contact corrosion,0.89,True,72,40.35,0.062,0.262,80.99,battery_pack failed after a 72-hour electrical_fault pattern connected to charging contact corrosion. Sensor rows in that window carry related_failure_id=F00576.,reset and recalibrate sensor
F00577,M007,2024-05-17T05:33:41,imaging_drum,4.35,Moderate,1,1,1,blockage_or_jam,paper feed jam,0.9,True,72,162.55,1.81,11.075,41.51,imaging_drum failed after a 72-hour blockage_or_jam pattern connected to paper feed jam. Sensor rows in that window carry related_failure_id=F00577.,schedule immediate service
F00578,M005,2024-05-20T09:37:00,image_sensor,5.53,Moderate,1,1,1,wear_or_lubrication,pan tilt motor binding,0.77,True,48,45.4,0.38,1.415,37.31,image_sensor failed after a 48-hour wear_or_lubrication pattern connected to pan tilt motor binding. Sensor rows in that window carry related_failure_id=F00578.,top up lubricant and inspect bearings
F00579,M005,2024-05-25T04:16:00,image_sensor,11.61,Major,1,1,1,wear_or_lubrication,pan tilt motor binding,0.83,True,72,48.55,0.249,1.139,67.21,image_sensor failed after a 72-hour wear_or_lubrication pattern connected to pan tilt motor binding. Sensor rows in that window carry related_failure_id=F00579.,inspect component and replace if worn
F00580,M014,2024-05-30T11:49:00,keypad,5.92,Moderate,1,1,1,electrical_fault,charging contact corrosion,0.87,True,72,40.23,0.044,0.426,80.3,keypad failed after a 72-hour electrical_fault pattern connected to charging contact corrosion. Sensor rows in that window carry related_failure_id=F00580.,check power supply and wiring
F00581,M008,2024-06-05T10:21:05,feed_roller,4.58,Moderate,1,1,1,blockage_or_jam,paper path obstruction,0.86,True,72,65.54,1.129,3.047,50.53,feed_roller failed after a 72-hour blockage_or_jam pattern connected to paper path obstruction. Sensor rows in that window carry related_failure_id=F00581.,schedule immediate service
F00582,M007,2024-06-06T07:05:42,imaging_drum,60.0,Critical,1,1,1,blockage_or_jam,paper feed jam,0.98,True,72,213.44,1.958,10.024,42.62,imaging_drum failed after a 72-hour blockage_or_jam pattern connected to paper feed jam. Sensor rows in that window carry related_failure_id=F00582.,clean or clear obstruction
F00583,M020,2024-06-09T22:26:00,charging_port,1.47,Minor,1,1,1,sensor_or_control,audio driver distortion,0.97,True,72,46.99,0.058,0.465,79.12,charging_port failed after a 72-hour sensor_or_control pattern connected to audio driver distortion. Sensor rows in that window carry related_failure_id=F00583.,check power supply and wiring
F00584,M019,2024-06-13T04:11:00,door_seal,14.66,Major,1,1,1,sensor_or_control,thermostat drift,0.87,True,72,35.96,0.915,4.775,62.64,door_seal failed after a 72-hour sensor_or_control pattern connected to thermostat drift. Sensor rows in that window carry related_failure_id=F00584.,check power supply and wiring
F00585,M016,2024-06-15T20:07:00,trigger_sensor,2.5,Minor,1,1,1,electrical_fault,power input noise,0.8,True,72,52.47,0.206,1.427,81.06,trigger_sensor failed after a 72-hour electrical_fault pattern connected to power input noise. Sensor rows in that window carry related_failure_id=F00585.,check power supply and wiring
F00586,M011,2024-06-15T21:28:00,turntable_motor,15.9,Major,1,1,1,sensor_or_control,door interlock fault,0.78,True,72,93.38,0.218,9.297,68.09,turntable_motor failed after a 72-hour sensor_or_control pattern connected to door interlock fault. Sensor rows in that window carry related_failure_id=F00586.,check power supply and wiring
F00587,M010,2024-06-19T10:19:00,bobbin_case,0.79,Minor,1,1,1,wear_or_lubrication,needle drive vibration,0.87,True,72,61.15,2.375,3.429,42.25,bobbin_case failed after a 72-hour wear_or_lubrication pattern connected to needle drive vibration. Sensor rows in that window carry related_failure_id=F00587.,top up lubricant and inspect bearings
F00588,M010,2024-06-21T18:42:00,feed_dog,24.0,Major,1,1,1,wear_or_lubrication,needle drive vibration,0.81,False,72,86.46,1.56,3.544,42.33,feed_dog failed after a 72-hour wear_or_lubrication pattern connected to needle drive vibration. Sensor rows in that window carry related_failure_id=F00588.,top up lubricant and inspect bearings
F00589,M001,2024-06-22T11:46:00,door_seal,5.55,Moderate,1,1,1,overheating,heating element degradation,0.9,True,72,242.23,0.107,16.29,77.87,door_seal failed after a 72-hour overheating pattern connected to heating element degradation. Sensor rows in that window carry related_failure_id=F00589.,inspect component and replace if worn
F00590,M008,2024-06-24T08:18:02,drive_motor,20.79,Major,1,1,1,overheating,scan head overheating,0.86,True,72,73.18,0.674,3.69,59.2,drive_motor failed after a 72-hour overheating pattern connected to scan head overheating. Sensor rows in that window carry related_failure_id=F00590.,check power supply and wiring
F00591,M014,2024-06-25T03:03:00,battery_pack,10.74,Major,1,1,1,sensor_or_control,keypad fault,0.86,True,48,36.51,0.047,0.35,86.16,battery_pack failed after a 48-hour sensor_or_control pattern connected to keypad fault. Sensor rows in that window carry related_failure_id=F00591.,check power supply and wiring
F00592,M005,2024-07-03T10:45:00,network_module,2.5,Minor,1,1,1,electrical_fault,power board instability,0.91,False,72,47.14,0.084,1.684,71.6,network_module failed after a 72-hour electrical_fault pattern connected to power board instability. Sensor rows in that window carry related_failure_id=F00592.,reset and recalibrate sensor
F00593,M016,2024-07-04T03:37:00,power_input,6.94,Moderate,1,1,1,overheating,audio processor overheating,0.78,False,96,73.77,0.205,1.104,78.69,power_input failed after a 96-hour overheating pattern connected to audio processor overheating. Sensor rows in that window carry related_failure_id=F00593.,inspect component and replace if worn
F00594,M013,2024-07-05T10:33:00,coupler,1.77,Minor,1,1,1,pressure_or_airflow,jar seal leak,0.76,False,72,66.95,1.482,6.66,65.2,coupler failed after a 72-hour pressure_or_airflow pattern connected to jar seal leak. Sensor rows in that window carry related_failure_id=F00594.,inspect component and replace if worn
F00595,M013,2024-07-11T19:04:00,drive_motor,8.5,Moderate,1,1,1,overheating,motor overheating,0.82,True,24,102.69,0.773,7.081,61.26,drive_motor failed after a 24-hour overheating pattern connected to motor overheating. Sensor rows in that window carry related_failure_id=F00595.,check power supply and wiring
F00596,M008,2024-07-15T10:24:00,drive_motor,1.43,Minor,1,1,1,wear_or_lubrication,feed roller wear,0.98,True,48,54.95,0.646,3.341,31.55,drive_motor failed after a 48-hour wear_or_lubrication pattern connected to feed roller wear. Sensor rows in that window carry related_failure_id=F00596.,inspect component and replace if worn
F00597,M007,2024-07-15T16:56:00,imaging_drum,33.91,Critical,1,1,1,overheating,fuser overheating,0.89,True,24,178.48,0.76,12.319,42.91,imaging_drum failed after a 24-hour overheating pattern connected to fuser overheating. Sensor rows in that window carry related_failure_id=F00597.,schedule immediate service
F00598,M010,2024-07-18T05:19:00,feed_dog,5.75,Moderate,1,1,1,overheating,motor overheating,0.94,True,72,72.0,1.689,3.609,46.67,feed_dog failed after a 72-hour overheating pattern connected to motor overheating. Sensor rows in that window carry related_failure_id=F00598.,inspect component and replace if worn
F00599,M014,2024-07-28T07:00:00,battery_pack,2.5,Minor,1,1,1,electrical_fault,charging contact corrosion,0.94,True,72,36.84,0.035,0.354,84.43,battery_pack failed after a 72-hour electrical_fault pattern connected to charging contact corrosion. Sensor rows in that window carry related_failure_id=F00599.,check power supply and wiring
F00600,M005,2024-08-01T23:40:20,network_module,8.35,Moderate,1,1,1,electrical_fault,power board instability,0.85,True,72,52.5,0.202,1.429,45.38,network_module failed after a 72-hour electrical_fault pattern connected to power board instability. Sensor rows in that window carry related_failure_id=F00600.,check power supply and wiring
F00601,M011,2024-08-05T02:54:00,magnetron,4.45,Moderate,1,1,1,overheating,magnetron overheating,0.87,True,72,118.47,0.263,9.6,68.04,magnetron failed after a 72-hour overheating pattern connected to magnetron overheating. Sensor rows in that window carry related_failure_id=F00601.,schedule immediate service
F00602,M015,2024-08-11T01:41:00,refrigerant_loop,8.5,Moderate,1,1,1,electrical_fault,control board fault,0.79,True,48,54.65,1.207,16.261,37.61,refrigerant_loop failed after a 48-hour electrical_fault pattern connected to control board fault. Sensor rows in that window carry related_failure_id=F00602.,reset and recalibrate sensor
F00603,M019,2024-08-11T07:44:00,condenser_fan,19.76,Major,1,1,1,wear_or_lubrication,condenser fan imbalance,0.89,True,96,31.39,0.938,4.83,58.74,condenser_fan failed after a 96-hour wear_or_lubrication pattern connected to condenser fan imbalance. Sensor rows in that window carry related_failure_id=F00603.,inspect component and replace if worn
F00604,M015,2024-08-14T03:18:00,control_board,1.46,Minor,1,1,1,electrical_fault,control board fault,0.96,True,72,61.05,0.928,14.331,49.66,control_board failed after a 72-hour electrical_fault pattern connected to control board fault. Sensor rows in that window carry related_failure_id=F00604.,reset and recalibrate sensor
F00605,M015,2024-08-15T14:23:00,compressor,1.59,Minor,1,1,1,wear_or_lubrication,fan motor bearing wear,0.81,True,48,54.71,0.942,14.519,29.8,compressor failed after a 48-hour wear_or_lubrication pattern connected to fan motor bearing wear. Sensor rows in that window carry related_failure_id=F00605.,inspect component and replace if worn
F00606,M009,2024-08-22T02:09:00,temperature_sensor,8.5,Moderate,1,1,1,overheating,induction coil overheating,0.89,True,72,185.09,0.326,16.87,48.47,temperature_sensor failed after a 72-hour overheating pattern connected to induction coil overheating. Sensor rows in that window carry related_failure_id=F00606.,schedule immediate service
F00607,M020,2024-08-24T02:26:00,charging_port,1.67,Minor,1,1,1,sensor_or_control,audio driver distortion,0.78,True,72,44.51,0.069,0.419,86.44,charging_port failed after a 72-hour sensor_or_control pattern connected to audio driver distortion. Sensor rows in that window carry related_failure_id=F00607.,top up lubricant and inspect bearings
F00608,M014,2024-08-24T07:37:00,keypad,1.94,Minor,1,1,1,sensor_or_control,keypad fault,0.97,True,72,39.88,0.05,0.282,85.65,keypad failed after a 72-hour sensor_or_control pattern connected to keypad fault. Sensor rows in that window carry related_failure_id=F00608.,top up lubricant and inspect bearings
F00609,M020,2024-08-24T11:16:00,charging_port,28.12,Critical,1,1,1,sensor_or_control,audio driver distortion,0.79,True,72,45.88,0.056,0.449,83.1,charging_port failed after a 72-hour sensor_or_control pattern connected to audio driver distortion. Sensor rows in that window carry related_failure_id=F00609.,check power supply and wiring
F00610,M010,2024-08-24T16:20:00,feed_dog,13.43,Major,1,1,1,overheating,motor overheating,0.86,True,48,74.72,1.277,3.573,62.24,feed_dog failed after a 48-hour overheating pattern connected to motor overheating. Sensor rows in that window carry related_failure_id=F00610.,schedule immediate service
F00611,M012,2024-08-27T10:25:00,charging_port,1.22,Minor,1,1,1,electrical_fault,charging port fault,0.81,True,72,40.38,0.501,1.439,54.24,charging_port failed after a 72-hour electrical_fault pattern connected to charging port fault. Sensor rows in that window carry related_failure_id=F00611.,reset and recalibrate sensor
F00612,M020,2024-08-28T14:46:00,audio_driver,18.48,Major,1,1,1,electrical_fault,battery degradation,0.93,True,48,45.6,0.056,0.636,80.87,audio_driver failed after a 48-hour electrical_fault pattern connected to battery degradation. Sensor rows in that window carry related_failure_id=F00612.,reset and recalibrate sensor
F00613,M018,2024-08-30T01:10:00,keypad_matrix,3.67,Moderate,1,1,1,electrical_fault,logic board reset,0.83,True,72,34.56,0.034,0.107,88.37,keypad_matrix failed after a 72-hour electrical_fault pattern connected to logic board reset. Sensor rows in that window carry related_failure_id=F00613.,inspect component and replace if worn
F00614,M013,2024-08-30T01:12:00,coupler,0.95,Minor,1,1,1,overheating,motor overheating,0.85,True,72,79.5,1.37,6.876,77.76,coupler failed after a 72-hour overheating pattern connected to motor overheating. Sensor rows in that window carry related_failure_id=F00614.,schedule immediate service
F00615,M013,2024-09-02T21:30:11,jar_seal,1.07,Minor,1,1,1,overheating,motor overheating,0.97,True,72,107.43,0.821,6.565,74.06,jar_seal failed after a 72-hour overheating pattern connected to motor overheating. Sensor rows in that window carry related_failure_id=F00615.,inspect component and replace if worn
F00616,M014,2024-09-04T16:23:00,keypad,4.31,Moderate,1,1,1,sensor_or_control,speaker fault,0.92,True,72,38.99,0.044,0.321,77.32,keypad failed after a 72-hour sensor_or_control pattern connected to speaker fault. Sensor rows in that window carry related_failure_id=F00616.,reset and recalibrate sensor
F00617,M009,2024-09-06T22:19:00,power_module,24.0,Major,1,1,1,electrical_fault,power module fault,0.9,True,24,219.63,0.312,22.774,57.4,power_module failed after a 24-hour electrical_fault pattern connected to power module fault. Sensor rows in that window carry related_failure_id=F00617.,reset and recalibrate sensor
F00618,M016,2024-09-07T21:06:00,mounting_clamp,24.0,Critical,1,1,1,sensor_or_control,trigger sensor drift,0.83,True,72,68.41,0.2,1.227,81.09,mounting_clamp failed after a 72-hour sensor_or_control pattern connected to trigger sensor drift. Sensor rows in that window carry related_failure_id=F00618.,reset and recalibrate sensor
F00619,M004,2024-09-08T17:18:40,speaker_driver,4.91,Moderate,1,1,1,overheating,amplifier overheating,0.86,True,72,83.35,0.162,3.811,85.31,speaker_driver failed after a 72-hour overheating pattern connected to amplifier overheating. Sensor rows in that window carry related_failure_id=F00619.,top up lubricant and inspect bearings
F00620,M018,2024-09-09T17:22:00,keypad_matrix,3.64,Moderate,1,1,1,sensor_or_control,keypad contact issue,0.91,True,72,43.19,0.03,0.164,81.33,keypad_matrix failed after a 72-hour sensor_or_control pattern connected to keypad contact issue. Sensor rows in that window carry related_failure_id=F00620.,check power supply and wiring
F00621,M013,2024-09-11T09:23:00,drive_motor,11.64,Major,1,1,1,pressure_or_airflow,jar seal leak,0.85,True,24,90.04,2.962,6.811,60.32,drive_motor failed after a 24-hour pressure_or_airflow pattern connected to jar seal leak. Sensor rows in that window carry related_failure_id=F00621.,inspect component and replace if worn
F00622,M018,2024-09-14T12:16:51,logic_board,3.93,Moderate,1,1,1,electrical_fault,battery low voltage,0.89,True,72,35.47,0.037,0.075,87.24,logic_board failed after a 72-hour electrical_fault pattern connected to battery low voltage. Sensor rows in that window carry related_failure_id=F00622.,reset and recalibrate sensor
F00623,M016,2024-09-15T01:54:01,mounting_clamp,4.8,Moderate,1,1,1,sensor_or_control,trigger sensor drift,0.89,True,72,58.96,0.207,1.253,83.53,mounting_clamp failed after a 72-hour sensor_or_control pattern connected to trigger sensor drift. Sensor rows in that window carry related_failure_id=F00623.,check power supply and wiring
F00624,M002,2024-09-16T22:57:00,hose,7.47,Moderate,1,1,1,blockage_or_jam,brush roll jam,0.87,True,72,76.67,0.683,8.83,66.2,hose failed after a 72-hour blockage_or_jam pattern connected to brush roll jam. Sensor rows in that window carry related_failure_id=F00624.,clean or clear obstruction
F00625,M001,2024-09-17T20:07:00,door_seal,15.25,Major,1,1,1,overheating,heating element degradation,0.79,True,72,247.57,0.09,15.814,74.36,door_seal failed after a 72-hour overheating pattern connected to heating element degradation. Sensor rows in that window carry related_failure_id=F00625.,inspect component and replace if worn
F00626,M008,2024-09-23T06:55:00,drive_motor,8.5,Moderate,1,1,1,overheating,scan head overheating,0.82,False,72,54.81,0.714,3.203,78.61,drive_motor failed after a 72-hour overheating pattern connected to scan head overheating. Sensor rows in that window carry related_failure_id=F00626.,inspect component and replace if worn
F00627,M010,2024-09-23T14:51:03,feed_dog,4.54,Moderate,1,1,1,wear_or_lubrication,insufficient lubrication,0.96,True,72,78.0,1.003,3.596,59.88,feed_dog failed after a 72-hour wear_or_lubrication pattern connected to insufficient lubrication. Sensor rows in that window carry related_failure_id=F00627.,inspect component and replace if worn
F00628,M017,2024-09-29T08:29:00,thermal_sensor,3.44,Moderate,1,1,1,sensor_or_control,thermal sensor drift,0.89,True,72,80.4,0.079,6.174,81.02,thermal_sensor failed after a 72-hour sensor_or_control pattern connected to thermal sensor drift. Sensor rows in that window carry related_failure_id=F00628.,inspect component and replace if worn
F00629,M017,2024-09-30T17:09:49,heating_plate,5.78,Moderate,1,1,1,sensor_or_control,thermal sensor drift,0.87,True,72,66.75,0.082,6.742,74.75,heating_plate failed after a 72-hour sensor_or_control pattern connected to thermal sensor drift. Sensor rows in that window carry related_failure_id=F00629.,reset and recalibrate sensor
F00630,M004,2024-09-30T23:04:00,speaker_driver,8.5,Moderate,1,1,1,electrical_fault,power supply instability,0.88,True,48,65.87,0.168,4.957,73.2,speaker_driver failed after a 48-hour electrical_fault pattern connected to power supply instability. Sensor rows in that window carry related_failure_id=F00630.,check power supply and wiring
F00631,M012,2024-10-02T19:54:00,blade_motor,2.11,Minor,1,1,1,electrical_fault,battery degradation,0.93,True,72,44.97,0.493,1.113,48.53,blade_motor failed after a 72-hour electrical_fault pattern connected to battery degradation. Sensor rows in that window carry related_failure_id=F00631.,reset and recalibrate sensor
F00632,M004,2024-10-05T11:36:00,cooling_path,9.55,Major,1,1,1,electrical_fault,power supply instability,0.8,True,72,54.46,0.154,4.122,85.23,cooling_path failed after a 72-hour electrical_fault pattern connected to power supply instability. Sensor rows in that window carry related_failure_id=F00632.,inspect component and replace if worn
F00633,M010,2024-10-05T21:46:00,feed_dog,16.11,Major,1,1,1,wear_or_lubrication,insufficient lubrication,0.89,True,72,58.65,1.583,3.486,44.3,feed_dog failed after a 72-hour wear_or_lubrication pattern connected to insufficient lubrication. Sensor rows in that window carry related_failure_id=F00633.,top up lubricant and inspect bearings
F00634,M007,2024-10-08T01:14:52,imaging_drum,31.57,Critical,1,1,1,blockage_or_jam,paper feed jam,0.97,True,72,121.46,1.349,10.764,44.62,imaging_drum failed after a 72-hour blockage_or_jam pattern connected to paper feed jam. Sensor rows in that window carry related_failure_id=F00634.,check power supply and wiring
F00635,M016,2024-10-08T16:21:53,trigger_sensor,13.66,Major,1,1,1,overheating,audio processor overheating,0.92,True,48,74.84,0.188,0.865,79.21,trigger_sensor failed after a 48-hour overheating pattern connected to audio processor overheating. Sensor rows in that window carry related_failure_id=F00635.,schedule immediate service
F00636,M015,2024-10-08T20:06:00,refrigerant_loop,20.63,Major,1,1,1,electrical_fault,control board fault,0.85,True,72,52.56,1.087,15.54,45.37,refrigerant_loop failed after a 72-hour electrical_fault pattern connected to control board fault. Sensor rows in that window carry related_failure_id=F00636.,check power supply and wiring
F00637,M003,2024-10-14T02:24:00,circulation_pump,10.01,Major,1,1,1,blockage_or_jam,drain restriction,0.96,True,72,59.95,0.964,9.725,73.3,circulation_pump failed after a 72-hour blockage_or_jam pattern connected to drain restriction. Sensor rows in that window carry related_failure_id=F00637.,reset and recalibrate sensor
F00638,M017,2024-10-14T04:44:31,power_relay,2.5,Moderate,1,1,1,sensor_or_control,thermal sensor drift,0.9,True,48,82.81,0.083,5.806,76.93,power_relay failed after a 48-hour sensor_or_control pattern connected to thermal sensor drift. Sensor rows in that window carry related_failure_id=F00638.,reset and recalibrate sensor
F00639,M017,2024-10-17T02:24:00,heating_plate,4.89,Moderate,1,1,1,electrical_fault,power relay fault,0.8,True,72,98.66,0.077,7.662,75.49,heating_plate failed after a 72-hour electrical_fault pattern connected to power relay fault. Sensor rows in that window carry related_failure_id=F00639.,reset and recalibrate sensor
F00640,M013,2024-10-17T08:33:28,jar_seal,9.31,Major,1,1,1,wear_or_lubrication,coupler wear,0.79,True,72,70.29,2.943,6.346,50.25,jar_seal failed after a 72-hour wear_or_lubrication pattern connected to coupler wear. Sensor rows in that window carry related_failure_id=F00640.,reset and recalibrate sensor
F00641,M018,2024-10-22T02:42:00,lcd_display,3.41,Moderate,1,1,1,sensor_or_control,display segment fault,0.98,False,72,43.2,0.021,0.119,84.24,lcd_display failed after a 72-hour sensor_or_control pattern connected to display segment fault. Sensor rows in that window carry related_failure_id=F00641.,reset and recalibrate sensor
F00642,M008,2024-10-23T15:25:42,paper_path_sensor,1.66,Minor,1,1,1,wear_or_lubrication,feed roller wear,0.88,True,72,56.67,0.666,2.992,44.43,paper_path_sensor failed after a 72-hour wear_or_lubrication pattern connected to feed roller wear. Sensor rows in that window carry related_failure_id=F00642.,clean or clear obstruction
F00643,M017,2024-10-29T02:28:55,power_relay,12.61,Major,1,1,1,electrical_fault,power relay fault,0.97,True,72,79.14,0.076,8.042,80.64,power_relay failed after a 72-hour electrical_fault pattern connected to power relay fault. Sensor rows in that window carry related_failure_id=F00643.,reset and recalibrate sensor
F00644,M020,2024-10-29T18:33:00,battery_pack,13.07,Major,1,1,1,sensor_or_control,bluetooth module dropouts,0.87,True,72,40.04,0.059,0.387,87.27,battery_pack failed after a 72-hour sensor_or_control pattern connected to bluetooth module dropouts. Sensor rows in that window carry related_failure_id=F00644.,schedule immediate service
F00645,M017,2024-10-30T03:46:00,power_relay,6.42,Moderate,1,1,1,overheating,heating plate degradation,0.89,True,72,91.71,0.085,7.224,80.88,power_relay failed after a 72-hour overheating pattern connected to heating plate degradation. Sensor rows in that window carry related_failure_id=F00645.,check power supply and wiring
F00646,M014,2024-11-04T20:46:00,battery_pack,20.0,Major,1,1,1,sensor_or_control,keypad fault,0.8,True,48,35.11,0.043,0.289,82.86,battery_pack failed after a 48-hour sensor_or_control pattern connected to keypad fault. Sensor rows in that window carry related_failure_id=F00646.,reset and recalibrate sensor
F00647,M018,2024-11-12T00:27:00,keypad_matrix,10.38,Major,1,1,1,sensor_or_control,display segment fault,0.86,True,24,44.03,0.04,0.087,89.3,keypad_matrix failed after a 24-hour sensor_or_control pattern connected to display segment fault. Sensor rows in that window carry related_failure_id=F00647.,reset and recalibrate sensor
F00648,M016,2024-11-13T03:06:00,power_input,11.06,Major,1,1,1,sensor_or_control,trigger sensor drift,0.86,True,72,56.22,0.199,1.115,78.69,power_input failed after a 72-hour sensor_or_control pattern connected to trigger sensor drift. Sensor rows in that window carry related_failure_id=F00648.,schedule immediate service
F00649,M007,2024-11-14T07:43:00,imaging_drum,8.03,Moderate,1,1,1,blockage_or_jam,paper feed jam,0.84,False,72,203.1,1.184,10.71,38.29,imaging_drum failed after a 72-hour blockage_or_jam pattern connected to paper feed jam. Sensor rows in that window carry related_failure_id=F00649.,clean or clear obstruction
F00650,M018,2024-11-14T08:40:20,battery_cell,4.89,Moderate,1,1,1,electrical_fault,battery low voltage,0.95,True,72,36.81,0.031,0.088,82.36,battery_cell failed after a 72-hour electrical_fault pattern connected to battery low voltage. Sensor rows in that window carry related_failure_id=F00650.,reset and recalibrate sensor
F00651,M001,2024-11-15T21:47:00,cooling_fan,3.67,Moderate,1,1,1,pressure_or_airflow,cooling fan failure,0.78,True,48,141.71,0.074,14.483,68.27,cooling_fan failed after a 48-hour pressure_or_airflow pattern connected to cooling fan failure. Sensor rows in that window carry related_failure_id=F00651.,clean or clear obstruction
F00652,M015,2024-11-17T10:13:51,compressor,13.05,Major,1,1,1,wear_or_lubrication,fan motor bearing wear,0.82,True,72,52.07,0.96,11.763,34.96,compressor failed after a 72-hour wear_or_lubrication pattern connected to fan motor bearing wear. Sensor rows in that window carry related_failure_id=F00652.,top up lubricant and inspect bearings
F00653,M018,2024-11-18T19:55:00,battery_cell,24.0,Major,1,1,1,electrical_fault,battery low voltage,0.81,True,72,44.83,0.046,0.158,84.11,battery_cell failed after a 72-hour electrical_fault pattern connected to battery low voltage. Sensor rows in that window carry related_failure_id=F00653.,check power supply and wiring
F00654,M007,2024-11-18T22:34:54,imaging_drum,7.02,Moderate,1,1,1,overheating,fuser overheating,0.92,True,72,198.71,1.063,11.056,37.06,imaging_drum failed after a 72-hour overheating pattern connected to fuser overheating. Sensor rows in that window carry related_failure_id=F00654.,check power supply and wiring
F00655,M009,2024-11-24T11:35:28,induction_coil,0.88,Minor,1,1,1,overheating,induction coil overheating,0.88,True,48,128.98,0.331,15.503,54.87,induction_coil failed after a 48-hour overheating pattern connected to induction coil overheating. Sensor rows in that window carry related_failure_id=F00655.,schedule immediate service
F00656,M002,2024-11-24T22:40:00,filter,26.46,Critical,1,1,1,overheating,motor overheating,0.94,True,72,83.6,1.336,9.779,65.54,filter failed after a 72-hour overheating pattern connected to motor overheating. Sensor rows in that window carry related_failure_id=F00656.,check power supply and wiring
F00657,M013,2024-11-25T06:59:00,drive_motor,0.6,Minor,1,1,1,wear_or_lubrication,coupler wear,0.79,True,72,71.37,2.183,6.421,42.33,drive_motor failed after a 72-hour wear_or_lubrication pattern connected to coupler wear. Sensor rows in that window carry related_failure_id=F00657.,reset and recalibrate sensor
F00658,M009,2024-11-27T05:20:00,power_module,6.66,Moderate,1,1,1,electrical_fault,power module fault,0.82,True,72,165.42,0.315,20.469,50.35,power_module failed after a 72-hour electrical_fault pattern connected to power module fault. Sensor rows in that window carry related_failure_id=F00658.,check power supply and wiring
F00659,M013,2024-11-28T03:58:00,jar_seal,2.76,Moderate,1,1,1,wear_or_lubrication,coupler wear,0.96,True,72,86.34,4.5,6.797,48.93,jar_seal failed after a 72-hour wear_or_lubrication pattern connected to coupler wear. Sensor rows in that window carry related_failure_id=F00659.,top up lubricant and inspect bearings
F00660,M013,2024-11-29T03:38:00,coupler,8.5,Moderate,1,1,1,wear_or_lubrication,coupler wear,0.94,True,72,112.24,1.496,6.585,46.02,coupler failed after a 72-hour wear_or_lubrication pattern connected to coupler wear. Sensor rows in that window carry related_failure_id=F00660.,inspect component and replace if worn
F00661,M020,2024-12-01T08:13:00,charging_port,6.11,Moderate,1,1,1,electrical_fault,battery degradation,0.81,True,72,42.38,0.068,0.537,83.77,charging_port failed after a 72-hour electrical_fault pattern connected to battery degradation. Sensor rows in that window carry related_failure_id=F00661.,clean or clear obstruction
F00662,M002,2024-12-04T23:08:00,filter,1.09,Minor,1,1,1,overheating,motor overheating,0.88,False,72,159.78,2.214,9.058,63.5,filter failed after a 72-hour overheating pattern connected to motor overheating. Sensor rows in that window carry related_failure_id=F00662.,check power supply and wiring
F00663,M020,2024-12-08T12:14:00,charging_port,1.5,Minor,1,1,1,sensor_or_control,audio driver distortion,0.83,True,72,47.8,0.055,0.486,82.62,charging_port failed after a 72-hour sensor_or_control pattern connected to audio driver distortion. Sensor rows in that window carry related_failure_id=F00663.,reset and recalibrate sensor
F00664,M009,2024-12-10T18:25:00,extractor_fan,1.6,Minor,1,1,1,sensor_or_control,temperature sensor drift,0.88,True,72,150.61,0.363,17.311,57.86,extractor_fan failed after a 72-hour sensor_or_control pattern connected to temperature sensor drift. Sensor rows in that window carry related_failure_id=F00664.,inspect component and replace if worn
F00665,M001,2024-12-15T05:14:40,cooling_fan,2.35,Minor,1,1,1,overheating,heating element degradation,0.87,True,72,216.41,0.102,17.135,75.06,cooling_fan failed after a 72-hour overheating pattern connected to heating element degradation. Sensor rows in that window carry related_failure_id=F00665.,schedule immediate service
F00666,M009,2024-12-16T04:32:00,extractor_fan,1.55,Minor,1,1,1,electrical_fault,power module fault,0.81,True,72,151.1,0.322,18.217,51.96,extractor_fan failed after a 72-hour electrical_fault pattern connected to power module fault. Sensor rows in that window carry related_failure_id=F00666.,check power supply and wiring
F00667,M017,2024-12-21T01:08:00,power_relay,8.5,Moderate,1,1,1,overheating,heating plate degradation,0.86,True,72,87.51,0.081,7.162,76.75,power_relay failed after a 72-hour overheating pattern connected to heating plate degradation. Sensor rows in that window carry related_failure_id=F00667.,inspect component and replace if worn
F00668,M011,2024-12-22T19:38:00,turntable_motor,4.77,Moderate,1,1,1,overheating,magnetron overheating,0.93,True,48,73.85,0.243,9.535,68.91,turntable_motor failed after a 48-hour overheating pattern connected to magnetron overheating. Sensor rows in that window carry related_failure_id=F00668.,inspect component and replace if worn
F00669,M003,2024-12-25T21:16:00,circulation_pump,1.22,Minor,1,1,1,pressure_or_airflow,water pressure anomaly,0.92,True,72,66.25,0.224,9.4,66.16,circulation_pump failed after a 72-hour pressure_or_airflow pattern connected to water pressure anomaly. Sensor rows in that window carry related_failure_id=F00669.,inspect component and replace if worn
F00670,M007,2024-12-26T19:53:00,imaging_drum,19.49,Major,1,1,1,blockage_or_jam,paper feed jam,0.79,True,72,229.44,0.909,10.99,44.17,imaging_drum failed after a 72-hour blockage_or_jam pattern connected to paper feed jam. Sensor rows in that window carry related_failure_id=F00670.,clean or clear obstruction
F00671,M004,2024-12-29T09:25:00,cooling_path,12.04,Major,1,1,1,electrical_fault,power supply instability,0.77,True,72,53.13,0.256,4.462,79.53,cooling_path failed after a 72-hour electrical_fault pattern connected to power supply instability. Sensor rows in that window carry related_failure_id=F00671.,reset and recalibrate sensor
F00672,M002,2024-12-29T19:16:00,brush_roll,1.57,Minor,1,1,1,blockage_or_jam,brush roll jam,0.88,True,72,61.62,0.474,8.981,67.08,brush_roll failed after a 72-hour blockage_or_jam pattern connected to brush roll jam. Sensor rows in that window carry related_failure_id=F00672.,schedule immediate service
F00673,M011,2024-12-30T20:30:00,turntable_motor,15.03,Major,1,1,1,sensor_or_control,door interlock fault,0.89,True,72,80.29,0.233,9.131,71.75,turntable_motor failed after a 72-hour sensor_or_control pattern connected to door interlock fault. Sensor rows in that window carry related_failure_id=F00673.,check power supply and wiring
F00674,M015,2024-12-31T08:42:00,control_board,3.68,Moderate,1,1,1,wear_or_lubrication,fan motor bearing wear,0.87,True,72,56.65,1.268,11.621,29.7,control_board failed after a 72-hour wear_or_lubrication pattern connected to fan motor bearing wear. Sensor rows in that window carry related_failure_id=F00674.,check power supply and wiring
F00675,M014,2025-01-01T14:18:00,battery_pack,2.31,Minor,1,1,1,sensor_or_control,keypad fault,0.79,True,72,36.53,0.058,0.358,87.41,battery_pack failed after a 72-hour sensor_or_control pattern connected to keypad fault. Sensor rows in that window carry related_failure_id=F00675.,check power supply and wiring
F00676,M009,2025-01-02T16:26:00,temperature_sensor,10.83,Major,1,1,1,overheating,induction coil overheating,0.92,True,72,233.75,0.345,18.865,50.82,temperature_sensor failed after a 72-hour overheating pattern connected to induction coil overheating. Sensor rows in that window carry related_failure_id=F00676.,check power supply and wiring
F00677,M016,2025-01-09T11:27:00,power_input,38.51,Critical,1,1,1,electrical_fault,power input noise,0.83,True,72,49.64,0.193,1.333,79.91,power_input failed after a 72-hour electrical_fault pattern connected to power input noise. Sensor rows in that window carry related_failure_id=F00677.,top up lubricant and inspect bearings
F00678,M012,2025-01-09T15:32:00,blade_motor,3.99,Moderate,1,1,1,electrical_fault,charging port fault,0.98,True,72,37.46,0.503,1.21,58.21,blade_motor failed after a 72-hour electrical_fault pattern connected to charging port fault. Sensor rows in that window carry related_failure_id=F00678.,check power supply and wiring
F00679,M020,2025-01-11T23:28:00,battery_pack,6.27,Moderate,1,1,1,sensor_or_control,bluetooth module dropouts,0.81,True,72,45.91,0.063,0.526,85.95,battery_pack failed after a 72-hour sensor_or_control pattern connected to bluetooth module dropouts. Sensor rows in that window carry related_failure_id=F00679.,reset and recalibrate sensor
F00680,M011,2025-01-12T16:48:00,turntable_motor,1.98,Minor,1,1,1,overheating,magnetron overheating,0.95,True,72,104.7,0.217,9.132,71.94,turntable_motor failed after a 72-hour overheating pattern connected to magnetron overheating. Sensor rows in that window carry related_failure_id=F00680.,schedule immediate service
F00681,M019,2025-01-19T06:11:17,thermostat,1.82,Minor,1,1,1,pressure_or_airflow,door seal leak,0.94,True,72,31.09,0.755,4.836,56.72,thermostat failed after a 72-hour pressure_or_airflow pattern connected to door seal leak. Sensor rows in that window carry related_failure_id=F00681.,clean or clear obstruction
F00682,M001,2025-01-19T12:14:00,cooling_fan,2.95,Moderate,1,1,1,sensor_or_control,thermal sensor drift,0.82,True,48,134.94,0.095,15.047,68.79,cooling_fan failed after a 48-hour sensor_or_control pattern connected to thermal sensor drift. Sensor rows in that window carry related_failure_id=F00682.,reset and recalibrate sensor
F00683,M007,2025-01-22T17:41:00,imaging_drum,6.72,Moderate,1,1,1,blockage_or_jam,paper feed jam,0.97,True,72,204.26,1.403,11.139,41.65,imaging_drum failed after a 72-hour blockage_or_jam pattern connected to paper feed jam. Sensor rows in that window carry related_failure_id=F00683.,schedule immediate service
F00684,M015,2025-01-22T17:58:00,control_board,24.98,Critical,1,1,1,wear_or_lubrication,fan motor bearing wear,0.79,True,72,48.36,1.668,11.224,29.85,control_board failed after a 72-hour wear_or_lubrication pattern connected to fan motor bearing wear. Sensor rows in that window carry related_failure_id=F00684.,top up lubricant and inspect bearings
F00685,M005,2025-01-23T04:43:00,network_module,3.76,Moderate,1,1,1,electrical_fault,power board instability,0.88,True,72,51.5,0.076,1.759,53.38,network_module failed after a 72-hour electrical_fault pattern connected to power board instability. Sensor rows in that window carry related_failure_id=F00685.,check power supply and wiring
F00686,M002,2025-01-24T01:01:00,hose,5.37,Moderate,1,1,1,overheating,motor overheating,0.89,True,72,105.35,0.683,9.052,72.54,hose failed after a 72-hour overheating pattern connected to motor overheating. Sensor rows in that window carry related_failure_id=F00686.,schedule immediate service
F00687,M006,2025-01-24T06:59:08,lens_mount,1.59,Minor,1,1,1,electrical_fault,battery voltage sag,0.88,True,48,47.51,0.227,4.028,48.53,lens_mount failed after a 48-hour electrical_fault pattern connected to battery voltage sag. Sensor rows in that window carry related_failure_id=F00687.,check power supply and wiring
F00688,M007,2025-01-24T10:25:00,imaging_drum,9.66,Major,1,1,1,overheating,fuser overheating,0.82,True,72,196.36,0.448,11.244,43.74,imaging_drum failed after a 72-hour overheating pattern connected to fuser overheating. Sensor rows in that window carry related_failure_id=F00688.,check power supply and wiring
F00689,M009,2025-01-26T19:52:00,temperature_sensor,0.98,Minor,1,1,1,sensor_or_control,temperature sensor drift,0.94,True,48,175.29,0.336,20.684,57.21,temperature_sensor failed after a 48-hour sensor_or_control pattern connected to temperature sensor drift. Sensor rows in that window carry related_failure_id=F00689.,reset and recalibrate sensor
F00690,M010,2025-01-27T00:43:00,feed_dog,1.74,Minor,1,1,1,wear_or_lubrication,needle drive vibration,0.83,True,48,62.91,1.677,3.879,61.81,feed_dog failed after a 48-hour wear_or_lubrication pattern connected to needle drive vibration. Sensor rows in that window carry related_failure_id=F00690.,inspect component and replace if worn
F00691,M015,2025-01-30T00:45:00,control_board,5.8,Moderate,1,1,1,wear_or_lubrication,fan motor bearing wear,0.79,True,48,57.05,1.973,13.427,28.24,control_board failed after a 48-hour wear_or_lubrication pattern connected to fan motor bearing wear. Sensor rows in that window carry related_failure_id=F00691.,inspect component and replace if worn
F00692,M011,2025-02-02T03:55:00,turntable_motor,5.94,Moderate,1,1,1,sensor_or_control,door interlock fault,0.91,True,72,69.53,0.222,9.058,73.29,turntable_motor failed after a 72-hour sensor_or_control pattern connected to door interlock fault. Sensor rows in that window carry related_failure_id=F00692.,top up lubricant and inspect bearings
F00693,M004,2025-02-05T02:02:00,cooling_path,6.04,Moderate,1,1,1,blockage_or_jam,ventilation blockage,0.95,True,72,48.5,0.444,4.519,80.89,cooling_path failed after a 72-hour blockage_or_jam pattern connected to ventilation blockage. Sensor rows in that window carry related_failure_id=F00693.,schedule immediate service
F00694,M006,2025-02-05T03:20:08,image_sensor,2.5,Moderate,1,1,1,electrical_fault,battery voltage sag,0.79,True,72,47.89,0.15,3.225,65.76,image_sensor failed after a 72-hour electrical_fault pattern connected to battery voltage sag. Sensor rows in that window carry related_failure_id=F00694.,reset and recalibrate sensor
F00695,M001,2025-02-05T08:15:00,cooling_fan,6.21,Moderate,1,1,1,sensor_or_control,thermal sensor drift,0.89,True,72,171.68,0.1,14.222,72.52,cooling_fan failed after a 72-hour sensor_or_control pattern connected to thermal sensor drift. Sensor rows in that window carry related_failure_id=F00695.,check power supply and wiring
F00696,M016,2025-02-08T23:03:00,audio_processor,0.58,Minor,1,1,1,electrical_fault,power input noise,0.98,True,72,48.04,0.207,1.337,76.54,audio_processor failed after a 72-hour electrical_fault pattern connected to power input noise. Sensor rows in that window carry related_failure_id=F00696.,inspect component and replace if worn
F00697,M005,2025-02-10T01:35:00,image_sensor,38.4,Critical,1,1,1,sensor_or_control,network module fault,0.81,False,48,48.45,0.252,1.026,48.31,image_sensor failed after a 48-hour sensor_or_control pattern connected to network module fault. Sensor rows in that window carry related_failure_id=F00697.,reset and recalibrate sensor
F00698,M007,2025-02-10T16:23:32,imaging_drum,3.81,Moderate,1,1,1,overheating,fuser overheating,0.98,True,72,198.63,1.351,11.297,44.93,imaging_drum failed after a 72-hour overheating pattern connected to fuser overheating. Sensor rows in that window carry related_failure_id=F00698.,schedule immediate service
F00699,M009,2025-02-11T01:55:00,extractor_fan,7.23,Moderate,1,1,1,sensor_or_control,temperature sensor drift,0.88,True,72,163.15,0.323,17.113,51.61,extractor_fan failed after a 72-hour sensor_or_control pattern connected to temperature sensor drift. Sensor rows in that window carry related_failure_id=F00699.,clean or clear obstruction
F00700,M003,2025-02-14T11:38:00,drain_pump,7.79,Moderate,1,1,1,pressure_or_airflow,water pressure anomaly,0.95,True,72,58.87,0.318,9.593,70.74,drain_pump failed after a 72-hour pressure_or_airflow pattern connected to water pressure anomaly. Sensor rows in that window carry related_failure_id=F00700.,inspect component and replace if worn
F00701,M019,2025-02-17T15:32:34,condenser_fan,1.4,Minor,1,1,1,pressure_or_airflow,door seal leak,0.85,True,72,26.54,0.419,5.114,74.55,condenser_fan failed after a 72-hour pressure_or_airflow pattern connected to door seal leak. Sensor rows in that window carry related_failure_id=F00701.,reset and recalibrate sensor
F00702,M012,2025-02-20T00:38:00,charging_port,3.71,Moderate,1,1,1,electrical_fault,battery degradation,0.93,True,72,42.9,0.503,0.971,55.0,charging_port failed after a 72-hour electrical_fault pattern connected to battery degradation. Sensor rows in that window carry related_failure_id=F00702.,check power supply and wiring
F00703,M005,2025-02-20T03:24:00,pan_tilt_motor,18.43,Major,1,1,1,electrical_fault,power board instability,0.87,True,72,46.99,0.112,1.522,62.83,pan_tilt_motor failed after a 72-hour electrical_fault pattern connected to power board instability. Sensor rows in that window carry related_failure_id=F00703.,check power supply and wiring
F00704,M003,2025-02-20T05:14:00,drain_pump,24.0,Critical,1,1,1,pressure_or_airflow,water pressure anomaly,0.85,True,72,56.4,0.203,9.667,74.56,drain_pump failed after a 72-hour pressure_or_airflow pattern connected to water pressure anomaly. Sensor rows in that window carry related_failure_id=F00704.,inspect component and replace if worn
F00705,M019,2025-02-21T14:58:00,door_seal,9.06,Major,1,1,1,sensor_or_control,thermostat drift,0.88,True,72,33.8,0.407,5.083,52.81,door_seal failed after a 72-hour sensor_or_control pattern connected to thermostat drift. Sensor rows in that window carry related_failure_id=F00705.,reset and recalibrate sensor
F00706,M016,2025-02-23T20:06:00,mounting_clamp,15.05,Major,1,1,1,sensor_or_control,trigger sensor drift,0.78,True,72,58.02,0.206,1.032,78.34,mounting_clamp failed after a 72-hour sensor_or_control pattern connected to trigger sensor drift. Sensor rows in that window carry related_failure_id=F00706.,reset and recalibrate sensor
F00707,M007,2025-02-26T22:33:24,imaging_drum,8.5,Major,1,1,1,overheating,fuser overheating,0.78,True,72,170.86,0.291,12.157,44.72,imaging_drum failed after a 72-hour overheating pattern connected to fuser overheating. Sensor rows in that window carry related_failure_id=F00707.,inspect component and replace if worn
F00708,M012,2025-02-27T00:56:00,foil_head,38.92,Critical,1,1,1,electrical_fault,charging port fault,0.98,True,72,48.34,0.523,1.234,55.87,foil_head failed after a 72-hour electrical_fault pattern connected to charging port fault. Sensor rows in that window carry related_failure_id=F00708.,check power supply and wiring
F00709,M004,2025-03-02T08:01:00,speaker_driver,4.79,Moderate,1,1,1,blockage_or_jam,ventilation blockage,0.78,True,72,78.97,0.345,3.604,79.93,speaker_driver failed after a 72-hour blockage_or_jam pattern connected to ventilation blockage. Sensor rows in that window carry related_failure_id=F00709.,schedule immediate service
F00710,M006,2025-03-03T18:32:00,lens_mount,8.5,Moderate,1,1,1,electrical_fault,battery voltage sag,0.87,True,72,40.99,0.215,4.056,61.03,lens_mount failed after a 72-hour electrical_fault pattern connected to battery voltage sag. Sensor rows in that window carry related_failure_id=F00710.,check power supply and wiring
F00711,M010,2025-03-06T00:37:00,bobbin_case,1.44,Minor,1,1,1,overheating,motor overheating,0.89,True,72,87.74,1.318,3.54,68.21,bobbin_case failed after a 72-hour overheating pattern connected to motor overheating. Sensor rows in that window carry related_failure_id=F00711.,check power supply and wiring
F00712,M018,2025-03-07T14:18:00,logic_board,6.88,Moderate,1,1,1,electrical_fault,logic board reset,0.89,True,72,39.31,0.036,0.099,83.23,logic_board failed after a 72-hour electrical_fault pattern connected to logic board reset. Sensor rows in that window carry related_failure_id=F00712.,top up lubricant and inspect bearings
F00713,M014,2025-03-09T01:22:31,keypad,6.29,Moderate,1,1,1,sensor_or_control,speaker fault,0.83,True,72,39.06,0.051,0.317,76.1,keypad failed after a 72-hour sensor_or_control pattern connected to speaker fault. Sensor rows in that window carry related_failure_id=F00713.,reset and recalibrate sensor
F00714,M016,2025-03-10T23:21:07,trigger_sensor,27.56,Critical,1,1,1,electrical_fault,power input noise,0.89,True,72,48.24,0.206,1.227,79.21,trigger_sensor failed after a 72-hour electrical_fault pattern connected to power input noise. Sensor rows in that window carry related_failure_id=F00714.,clean or clear obstruction
F00715,M013,2025-03-11T03:24:00,coupler,57.3,Critical,1,1,1,pressure_or_airflow,jar seal leak,0.95,True,72,68.77,1.537,6.921,60.76,coupler failed after a 72-hour pressure_or_airflow pattern connected to jar seal leak. Sensor rows in that window carry related_failure_id=F00715.,clean or clear obstruction
F00716,M012,2025-03-13T00:07:57,blade_motor,1.07,Minor,1,1,1,electrical_fault,battery degradation,0.96,True,72,46.44,0.517,1.102,55.87,blade_motor failed after a 72-hour electrical_fault pattern connected to battery degradation. Sensor rows in that window carry related_failure_id=F00716.,reset and recalibrate sensor
F00717,M005,2025-03-16T20:53:00,pan_tilt_motor,34.26,Critical,1,1,1,wear_or_lubrication,pan tilt motor binding,0.89,True,72,46.15,0.285,1.151,34.51,pan_tilt_motor failed after a 72-hour wear_or_lubrication pattern connected to pan tilt motor binding. Sensor rows in that window carry related_failure_id=F00717.,top up lubricant and inspect bearings
F00718,M001,2025-03-19T09:20:00,door_seal,20.26,Major,1,1,1,overheating,heating element degradation,0.98,True,96,189.36,0.101,15.597,71.49,door_seal failed after a 96-hour overheating pattern connected to heating element degradation. Sensor rows in that window carry related_failure_id=F00718.,check power supply and wiring
F00719,M017,2025-03-19T15:30:00,heating_plate,0.87,Minor,1,1,1,sensor_or_control,thermal sensor drift,0.91,True,72,76.36,0.069,6.992,76.54,heating_plate failed after a 72-hour sensor_or_control pattern connected to thermal sensor drift. Sensor rows in that window carry related_failure_id=F00719.,check power supply and wiring
F00720,M008,2025-03-21T07:20:00,paper_path_sensor,20.85,Major,1,1,1,overheating,scan head overheating,0.94,True,72,55.34,0.335,3.773,58.34,paper_path_sensor failed after a 72-hour overheating pattern connected to scan head overheating. Sensor rows in that window carry related_failure_id=F00720.,check power supply and wiring
F00721,M018,2025-03-21T14:05:00,logic_board,4.83,Moderate,1,1,1,sensor_or_control,display segment fault,0.87,True,72,41.16,0.05,0.12,80.43,logic_board failed after a 72-hour sensor_or_control pattern connected to display segment fault. Sensor rows in that window carry related_failure_id=F00721.,check power supply and wiring
F00722,M001,2025-03-22T15:31:00,door_seal,6.57,Moderate,1,1,1,pressure_or_airflow,cooling fan failure,0.77,False,72,203.0,0.077,15.297,74.69,door_seal failed after a 72-hour pressure_or_airflow pattern connected to cooling fan failure. Sensor rows in that window carry related_failure_id=F00722.,inspect component and replace if worn
F00723,M020,2025-03-23T12:46:00,bluetooth_module,5.7,Moderate,1,1,1,electrical_fault,charging port fault,0.88,False,72,40.17,0.051,0.519,85.3,bluetooth_module failed after a 72-hour electrical_fault pattern connected to charging port fault. Sensor rows in that window carry related_failure_id=F00723.,check power supply and wiring
F00724,M008,2025-03-23T23:05:00,drive_motor,9.11,Major,1,1,1,blockage_or_jam,paper path obstruction,0.82,True,72,68.01,0.831,3.01,40.14,drive_motor failed after a 72-hour blockage_or_jam pattern connected to paper path obstruction. Sensor rows in that window carry related_failure_id=F00724.,schedule immediate service
F00725,M011,2025-03-30T09:36:00,magnetron,1.28,Minor,1,1,1,sensor_or_control,door interlock fault,0.79,False,72,96.87,0.217,9.32,71.18,magnetron failed after a 72-hour sensor_or_control pattern connected to door interlock fault. Sensor rows in that window carry related_failure_id=F00725.,check power supply and wiring
F00726,M004,2025-03-31T18:21:00,cooling_path,8.5,Moderate,1,1,1,sensor_or_control,speaker driver distortion,0.88,True,72,80.4,0.223,4.349,79.67,cooling_path failed after a 72-hour sensor_or_control pattern connected to speaker driver distortion. Sensor rows in that window carry related_failure_id=F00726.,check power supply and wiring
F00727,M009,2025-04-02T01:53:00,induction_coil,45.01,Critical,1,1,1,overheating,induction coil overheating,0.85,True,72,152.15,0.314,18.516,52.45,induction_coil failed after a 72-hour overheating pattern connected to induction coil overheating. Sensor rows in that window carry related_failure_id=F00727.,inspect component and replace if worn
F00728,M002,2025-04-02T20:34:00,brush_roll,40.67,Critical,1,1,1,blockage_or_jam,brush roll jam,0.86,True,72,87.1,2.122,9.763,67.58,brush_roll failed after a 72-hour blockage_or_jam pattern connected to brush roll jam. Sensor rows in that window carry related_failure_id=F00728.,clean or clear obstruction
F00729,M009,2025-04-04T08:50:00,temperature_sensor,1.72,Minor,1,1,1,electrical_fault,power module fault,0.86,True,48,174.65,0.279,20.516,54.53,temperature_sensor failed after a 48-hour electrical_fault pattern connected to power module fault. Sensor rows in that window carry related_failure_id=F00729.,check power supply and wiring
F00730,M006,2025-04-06T05:55:00,battery_pack,3.89,Moderate,1,1,1,wear_or_lubrication,shutter actuator wear,0.92,True,72,43.29,0.345,3.093,50.41,battery_pack failed after a 72-hour wear_or_lubrication pattern connected to shutter actuator wear. Sensor rows in that window carry related_failure_id=F00730.,top up lubricant and inspect bearings
F00731,M016,2025-04-06T07:12:00,trigger_sensor,1.34,Minor,1,1,1,overheating,audio processor overheating,0.88,True,72,68.13,0.215,1.132,79.2,trigger_sensor failed after a 72-hour overheating pattern connected to audio processor overheating. Sensor rows in that window carry related_failure_id=F00731.,clean or clear obstruction
F00732,M017,2025-04-06T17:06:00,power_relay,18.0,Major,1,1,1,overheating,heating plate degradation,0.83,True,72,106.12,0.081,6.578,77.9,power_relay failed after a 72-hour overheating pattern connected to heating plate degradation. Sensor rows in that window carry related_failure_id=F00732.,clean or clear obstruction
F00733,M009,2025-04-09T06:57:02,induction_coil,38.93,Critical,1,1,1,overheating,induction coil overheating,0.98,True,72,198.86,0.314,17.805,51.06,induction_coil failed after a 72-hour overheating pattern connected to induction coil overheating. Sensor rows in that window carry related_failure_id=F00733.,inspect component and replace if worn
F00734,M005,2025-04-09T10:45:40,image_sensor,17.51,Major,1,1,1,wear_or_lubrication,pan tilt motor binding,0.86,True,72,49.0,0.136,1.414,51.27,image_sensor failed after a 72-hour wear_or_lubrication pattern connected to pan tilt motor binding. Sensor rows in that window carry related_failure_id=F00734.,top up lubricant and inspect bearings
F00735,M011,2025-04-09T20:32:00,magnetron,1.71,Minor,1,1,1,sensor_or_control,door interlock fault,0.89,True,72,71.68,0.23,9.589,69.42,magnetron failed after a 72-hour sensor_or_control pattern connected to door interlock fault. Sensor rows in that window carry related_failure_id=F00735.,reset and recalibrate sensor
F00736,M005,2025-04-12T04:18:47,image_sensor,5.52,Moderate,1,1,1,wear_or_lubrication,pan tilt motor binding,0.83,True,72,50.77,0.195,1.03,34.43,image_sensor failed after a 72-hour wear_or_lubrication pattern connected to pan tilt motor binding. Sensor rows in that window carry related_failure_id=F00736.,top up lubricant and inspect bearings
F00737,M002,2025-04-12T07:32:00,hose,2.0,Minor,1,1,1,blockage_or_jam,brush roll jam,0.9,True,72,68.21,2.159,9.662,70.25,hose failed after a 72-hour blockage_or_jam pattern connected to brush roll jam. Sensor rows in that window carry related_failure_id=F00737.,check power supply and wiring
F00738,M014,2025-04-17T06:50:00,battery_pack,6.11,Moderate,1,1,1,sensor_or_control,keypad fault,0.94,True,72,43.68,0.038,0.371,83.31,battery_pack failed after a 72-hour sensor_or_control pattern connected to keypad fault. Sensor rows in that window carry related_failure_id=F00738.,reset and recalibrate sensor
F00739,M007,2025-04-20T03:49:00,imaging_drum,6.27,Moderate,1,1,1,overheating,fuser overheating,0.83,False,24,142.54,0.498,12.325,39.47,imaging_drum failed after a 24-hour overheating pattern connected to fuser overheating. Sensor rows in that window carry related_failure_id=F00739.,inspect component and replace if worn
F00740,M015,2025-04-21T17:08:00,compressor,1.58,Minor,1,1,1,wear_or_lubrication,fan motor bearing wear,0.93,True,72,53.17,1.074,11.694,26.02,compressor failed after a 72-hour wear_or_lubrication pattern connected to fan motor bearing wear. Sensor rows in that window carry related_failure_id=F00740.,reset and recalibrate sensor
F00741,M016,2025-04-25T23:42:00,mounting_clamp,1.04,Minor,1,1,1,sensor_or_control,trigger sensor drift,0.92,True,72,64.82,0.208,1.237,89.07,mounting_clamp failed after a 72-hour sensor_or_control pattern connected to trigger sensor drift. Sensor rows in that window carry related_failure_id=F00741.,check power supply and wiring
F00742,M014,2025-04-26T19:27:00,battery_pack,1.27,Minor,1,1,1,sensor_or_control,keypad fault,0.85,True,72,42.13,0.049,0.37,80.25,battery_pack failed after a 72-hour sensor_or_control pattern connected to keypad fault. Sensor rows in that window carry related_failure_id=F00742.,check power supply and wiring
F00743,M011,2025-04-28T21:25:00,turntable_motor,10.15,Major,1,1,1,sensor_or_control,door interlock fault,0.88,True,96,69.47,0.218,9.036,69.46,turntable_motor failed after a 96-hour sensor_or_control pattern connected to door interlock fault. Sensor rows in that window carry related_failure_id=F00743.,reset and recalibrate sensor
F00744,M014,2025-05-03T02:45:00,keypad,20.93,Major,1,1,1,electrical_fault,charging contact corrosion,0.78,True,72,36.31,0.051,0.35,74.92,keypad failed after a 72-hour electrical_fault pattern connected to charging contact corrosion. Sensor rows in that window carry related_failure_id=F00744.,clean or clear obstruction
F00745,M005,2025-05-03T12:44:00,image_sensor,14.54,Major,1,1,1,sensor_or_control,network module fault,0.83,True,72,46.55,0.156,1.558,57.5,image_sensor failed after a 72-hour sensor_or_control pattern connected to network module fault. Sensor rows in that window carry related_failure_id=F00745.,check power supply and wiring
F00746,M010,2025-05-05T21:34:00,feed_dog,16.37,Major,1,1,1,wear_or_lubrication,needle drive vibration,0.8,True,48,84.2,1.501,3.617,44.38,feed_dog failed after a 48-hour wear_or_lubrication pattern connected to needle drive vibration. Sensor rows in that window carry related_failure_id=F00746.,top up lubricant and inspect bearings
F00747,M001,2025-05-09T14:28:00,door_seal,6.42,Moderate,1,1,1,sensor_or_control,thermal sensor drift,0.78,True,72,258.15,0.082,15.781,69.75,door_seal failed after a 72-hour sensor_or_control pattern connected to thermal sensor drift. Sensor rows in that window carry related_failure_id=F00747.,check power supply and wiring
F00748,M010,2025-05-21T17:48:00,feed_dog,18.64,Major,1,1,1,overheating,motor overheating,0.97,True,72,94.35,0.624,3.737,70.43,feed_dog failed after a 72-hour overheating pattern connected to motor overheating. Sensor rows in that window carry related_failure_id=F00748.,schedule immediate service
F00749,M015,2025-05-24T02:27:00,compressor,1.74,Minor,1,1,1,electrical_fault,control board fault,0.88,True,72,61.63,0.963,16.727,39.79,compressor failed after a 72-hour electrical_fault pattern connected to control board fault. Sensor rows in that window carry related_failure_id=F00749.,reset and recalibrate sensor
F00750,M008,2025-05-24T21:49:42,feed_roller,7.99,Moderate,1,1,1,overheating,scan head overheating,0.9,True,48,72.26,1.139,3.198,68.7,feed_roller failed after a 48-hour overheating pattern connected to scan head overheating. Sensor rows in that window carry related_failure_id=F00750.,schedule immediate service
F00751,M009,2025-05-26T09:08:00,power_module,41.32,Critical,1,1,1,electrical_fault,power module fault,0.76,True,72,180.69,0.326,20.76,54.81,power_module failed after a 72-hour electrical_fault pattern connected to power module fault. Sensor rows in that window carry related_failure_id=F00751.,reset and recalibrate sensor
F00752,M019,2025-05-26T19:31:00,condenser_fan,11.66,Major,1,1,1,pressure_or_airflow,door seal leak,0.94,True,96,26.52,0.865,4.725,54.38,condenser_fan failed after a 96-hour pressure_or_airflow pattern connected to door seal leak. Sensor rows in that window carry related_failure_id=F00752.,inspect component and replace if worn
F00753,M007,2025-05-28T03:35:20,imaging_drum,1.61,Minor,1,1,1,blockage_or_jam,paper feed jam,0.84,True,24,215.41,1.797,10.77,40.56,imaging_drum failed after a 24-hour blockage_or_jam pattern connected to paper feed jam. Sensor rows in that window carry related_failure_id=F00753.,schedule immediate service
F00754,M003,2025-05-28T23:02:00,drain_pump,36.36,Critical,1,1,1,blockage_or_jam,drain restriction,0.94,True,72,66.7,0.415,9.516,67.46,drain_pump failed after a 72-hour blockage_or_jam pattern connected to drain restriction. Sensor rows in that window carry related_failure_id=F00754.,clean or clear obstruction
F00755,M006,2025-05-29T14:23:00,image_sensor,8.5,Moderate,1,1,1,wear_or_lubrication,shutter actuator wear,0.94,True,72,45.66,0.196,2.507,32.18,image_sensor failed after a 72-hour wear_or_lubrication pattern connected to shutter actuator wear. Sensor rows in that window carry related_failure_id=F00755.,inspect component and replace if worn
F00756,M005,2025-06-01T18:58:00,image_sensor,0.79,Minor,1,1,1,electrical_fault,power board instability,0.93,False,72,46.99,0.081,1.788,59.84,image_sensor failed after a 72-hour electrical_fault pattern connected to power board instability. Sensor rows in that window carry related_failure_id=F00756.,reset and recalibrate sensor
F00757,M018,2025-06-05T00:35:00,lcd_display,1.71,Minor,1,1,1,sensor_or_control,display segment fault,0.89,True,72,41.8,0.043,0.175,85.85,lcd_display failed after a 72-hour sensor_or_control pattern connected to display segment fault. Sensor rows in that window carry related_failure_id=F00757.,reset and recalibrate sensor
F00758,M020,2025-06-08T07:32:22,audio_driver,0.92,Minor,1,1,1,electrical_fault,charging port fault,0.88,True,72,45.79,0.043,0.579,87.03,audio_driver failed after a 72-hour electrical_fault pattern connected to charging port fault. Sensor rows in that window carry related_failure_id=F00758.,reset and recalibrate sensor
F00759,M009,2025-06-08T21:43:15,extractor_fan,7.35,Moderate,1,1,1,overheating,induction coil overheating,0.79,True,48,229.27,0.314,18.399,44.82,extractor_fan failed after a 48-hour overheating pattern connected to induction coil overheating. Sensor rows in that window carry related_failure_id=F00759.,check power supply and wiring
F00760,M002,2025-06-14T17:12:00,motor,4.53,Moderate,1,1,1,overheating,motor overheating,0.81,True,72,100.21,0.612,9.248,70.82,motor failed after a 72-hour overheating pattern connected to motor overheating. Sensor rows in that window carry related_failure_id=F00760.,inspect component and replace if worn
F00761,M017,2025-06-19T00:51:00,heating_plate,3.74,Moderate,1,1,1,overheating,heating plate degradation,0.86,True,72,100.11,0.078,7.064,80.45,heating_plate failed after a 72-hour overheating pattern connected to heating plate degradation. Sensor rows in that window carry related_failure_id=F00761.,schedule immediate service
F00762,M005,2025-06-22T06:20:06,network_module,50.72,Critical,1,1,1,wear_or_lubrication,pan tilt motor binding,0.85,True,72,45.18,0.232,1.178,24.21,network_module failed after a 72-hour wear_or_lubrication pattern connected to pan tilt motor binding. Sensor rows in that window carry related_failure_id=F00762.,inspect component and replace if worn
F00763,M008,2025-06-25T16:36:00,paper_path_sensor,5.22,Moderate,1,1,1,blockage_or_jam,paper path obstruction,0.82,True,72,56.73,0.568,3.034,59.81,paper_path_sensor failed after a 72-hour blockage_or_jam pattern connected to paper path obstruction. Sensor rows in that window carry related_failure_id=F00763.,schedule immediate service
F00764,M002,2025-06-26T15:46:09,hose,6.26,Moderate,1,1,1,blockage_or_jam,brush roll jam,0.77,True,72,79.58,1.579,9.917,68.39,hose failed after a 72-hour blockage_or_jam pattern connected to brush roll jam. Sensor rows in that window carry related_failure_id=F00764.,schedule immediate service
F00765,M019,2025-06-29T05:03:06,door_seal,38.33,Critical,1,1,1,sensor_or_control,thermostat drift,0.92,True,72,40.73,0.397,4.799,66.54,door_seal failed after a 72-hour sensor_or_control pattern connected to thermostat drift. Sensor rows in that window carry related_failure_id=F00765.,inspect component and replace if worn
F00766,M020,2025-06-29T19:01:00,audio_driver,1.0,Minor,1,1,1,electrical_fault,charging port fault,0.88,False,72,45.13,0.078,0.653,82.93,audio_driver failed after a 72-hour electrical_fault pattern connected to charging port fault. Sensor rows in that window carry related_failure_id=F00766.,reset and recalibrate sensor
F00767,M020,2025-07-02T01:30:00,charging_port,5.99,Moderate,1,1,1,electrical_fault,charging port fault,0.85,True,72,41.98,0.077,0.483,82.74,charging_port failed after a 72-hour electrical_fault pattern connected to charging port fault. Sensor rows in that window carry related_failure_id=F00767.,reset and recalibrate sensor
F00768,M009,2025-07-04T08:08:00,extractor_fan,1.55,Minor,1,1,1,electrical_fault,power module fault,0.96,True,24,121.52,0.303,23.661,48.01,extractor_fan failed after a 24-hour electrical_fault pattern connected to power module fault. Sensor rows in that window carry related_failure_id=F00768.,check power supply and wiring
F00769,M008,2025-07-05T14:09:00,drive_motor,1.92,Minor,1,1,1,wear_or_lubrication,feed roller wear,0.97,True,72,52.83,0.797,3.21,42.56,drive_motor failed after a 72-hour wear_or_lubrication pattern connected to feed roller wear. Sensor rows in that window carry related_failure_id=F00769.,inspect component and replace if worn
F00770,M020,2025-07-08T14:49:00,battery_pack,3.11,Moderate,1,1,1,electrical_fault,charging port fault,0.89,True,48,39.15,0.065,0.669,83.04,battery_pack failed after a 48-hour electrical_fault pattern connected to charging port fault. Sensor rows in that window carry related_failure_id=F00770.,reset and recalibrate sensor
F00771,M013,2025-07-08T23:44:00,blade_assembly,15.58,Major,1,1,1,overheating,motor overheating,0.84,True,72,109.54,0.832,7.19,72.16,blade_assembly failed after a 72-hour overheating pattern connected to motor overheating. Sensor rows in that window carry related_failure_id=F00771.,reset and recalibrate sensor
F00772,M001,2025-07-09T16:12:00,door_seal,2.38,Minor,1,1,1,pressure_or_airflow,cooling fan failure,0.92,True,72,117.81,0.105,15.685,66.59,door_seal failed after a 72-hour pressure_or_airflow pattern connected to cooling fan failure. Sensor rows in that window carry related_failure_id=F00772.,clean or clear obstruction
F00773,M013,2025-07-09T22:23:00,jar_seal,1.52,Minor,1,1,1,pressure_or_airflow,jar seal leak,0.8,False,48,130.13,1.856,6.771,59.74,jar_seal failed after a 48-hour pressure_or_airflow pattern connected to jar seal leak. Sensor rows in that window carry related_failure_id=F00773.,inspect component and replace if worn
F00774,M002,2025-07-11T02:45:00,motor,7.17,Moderate,1,1,1,blockage_or_jam,airflow restriction,0.86,True,72,68.83,2.221,9.953,69.11,motor failed after a 72-hour blockage_or_jam pattern connected to airflow restriction. Sensor rows in that window carry related_failure_id=F00774.,schedule immediate service
F00775,M010,2025-07-11T20:21:00,bobbin_case,3.82,Moderate,1,1,1,wear_or_lubrication,insufficient lubrication,0.89,True,72,57.29,1.857,3.336,44.66,bobbin_case failed after a 72-hour wear_or_lubrication pattern connected to insufficient lubrication. Sensor rows in that window carry related_failure_id=F00775.,clean or clear obstruction
F00776,M013,2025-07-17T22:20:00,blade_assembly,2.5,Minor,1,1,1,blockage_or_jam,blade jam,0.76,True,48,69.02,1.343,6.743,57.75,blade_assembly failed after a 48-hour blockage_or_jam pattern connected to blade jam. Sensor rows in that window carry related_failure_id=F00776.,clean or clear obstruction
F00777,M003,2025-07-18T04:31:00,circulation_pump,5.04,Moderate,1,1,1,overheating,heater fault,0.89,False,72,83.4,0.578,10.276,72.59,circulation_pump failed after a 72-hour overheating pattern connected to heater fault. Sensor rows in that window carry related_failure_id=F00777.,check power supply and wiring
F00778,M006,2025-07-20T16:24:00,battery_pack,1.29,Minor,1,1,1,electrical_fault,battery voltage sag,0.94,True,72,45.35,0.217,2.943,51.44,battery_pack failed after a 72-hour electrical_fault pattern connected to battery voltage sag. Sensor rows in that window carry related_failure_id=F00778.,check power supply and wiring
F00779,M019,2025-07-21T04:04:00,door_seal,7.81,Moderate,1,1,1,pressure_or_airflow,door seal leak,0.77,True,72,28.66,0.369,4.858,40.69,door_seal failed after a 72-hour pressure_or_airflow pattern connected to door seal leak. Sensor rows in that window carry related_failure_id=F00779.,clean or clear obstruction
F00780,M004,2025-07-21T11:12:55,cooling_path,8.53,Major,1,1,1,blockage_or_jam,ventilation blockage,0.94,True,48,46.63,0.19,3.99,83.74,cooling_path failed after a 48-hour blockage_or_jam pattern connected to ventilation blockage. Sensor rows in that window carry related_failure_id=F00780.,schedule immediate service
F00781,M008,2025-07-23T22:09:00,paper_path_sensor,7.05,Moderate,1,1,1,overheating,scan head overheating,0.82,True,72,60.09,0.788,3.631,61.57,paper_path_sensor failed after a 72-hour overheating pattern connected to scan head overheating. Sensor rows in that window carry related_failure_id=F00781.,inspect component and replace if worn
F00782,M003,2025-07-24T02:04:05,drain_pump,6.9,Moderate,1,1,1,pressure_or_airflow,water pressure anomaly,0.92,True,72,68.34,0.533,9.736,66.14,drain_pump failed after a 72-hour pressure_or_airflow pattern connected to water pressure anomaly. Sensor rows in that window carry related_failure_id=F00782.,clean or clear obstruction
F00783,M005,2025-07-24T18:21:38,power_board,7.15,Moderate,1,1,1,wear_or_lubrication,pan tilt motor binding,0.87,False,72,50.03,0.124,1.361,30.26,power_board failed after a 72-hour wear_or_lubrication pattern connected to pan tilt motor binding. Sensor rows in that window carry related_failure_id=F00783.,top up lubricant and inspect bearings
F00784,M002,2025-07-25T14:11:00,brush_roll,1.33,Minor,1,1,1,overheating,motor overheating,0.96,True,72,95.51,2.095,10.615,67.41,brush_roll failed after a 72-hour overheating pattern connected to motor overheating. Sensor rows in that window carry related_failure_id=F00784.,check power supply and wiring
F00785,M005,2025-07-27T08:02:02,network_module,19.1,Major,1,1,1,electrical_fault,power board instability,0.88,True,72,49.73,0.125,1.687,43.08,network_module failed after a 72-hour electrical_fault pattern connected to power board instability. Sensor rows in that window carry related_failure_id=F00785.,reset and recalibrate sensor
F00786,M019,2025-07-29T05:04:00,door_seal,3.99,Moderate,1,1,1,wear_or_lubrication,condenser fan imbalance,0.98,True,72,35.04,1.154,4.907,47.72,door_seal failed after a 72-hour wear_or_lubrication pattern connected to condenser fan imbalance. Sensor rows in that window carry related_failure_id=F00786.,clean or clear obstruction
F00787,M020,2025-07-29T10:15:00,battery_pack,31.99,Critical,1,1,1,electrical_fault,charging port fault,0.82,True,72,42.0,0.067,0.543,80.82,battery_pack failed after a 72-hour electrical_fault pattern connected to charging port fault. Sensor rows in that window carry related_failure_id=F00787.,inspect component and replace if worn
F00788,M009,2025-07-30T16:01:00,induction_coil,4.25,Moderate,1,1,1,overheating,induction coil overheating,0.97,True,72,196.83,0.335,20.259,46.52,induction_coil failed after a 72-hour overheating pattern connected to induction coil overheating. Sensor rows in that window carry related_failure_id=F00788.,schedule immediate service
F00789,M005,2025-08-04T11:22:00,power_board,0.5,Minor,1,1,1,wear_or_lubrication,pan tilt motor binding,0.89,True,72,50.95,0.296,1.217,32.34,power_board failed after a 72-hour wear_or_lubrication pattern connected to pan tilt motor binding. Sensor rows in that window carry related_failure_id=F00789.,schedule immediate service
F00790,M014,2025-08-05T02:19:00,keypad,8.5,Major,1,1,1,electrical_fault,charging contact corrosion,0.9,False,72,39.16,0.025,0.26,83.34,keypad failed after a 72-hour electrical_fault pattern connected to charging contact corrosion. Sensor rows in that window carry related_failure_id=F00790.,check power supply and wiring
F00791,M015,2025-08-05T06:42:44,control_board,1.81,Minor,1,1,1,electrical_fault,control board fault,0.94,True,48,49.95,0.876,15.495,49.93,control_board failed after a 48-hour electrical_fault pattern connected to control board fault. Sensor rows in that window carry related_failure_id=F00791.,check power supply and wiring
F00792,M015,2025-08-07T09:18:50,control_board,6.63,Moderate,1,1,1,electrical_fault,control board fault,0.78,True,72,58.54,1.258,18.013,50.17,control_board failed after a 72-hour electrical_fault pattern connected to control board fault. Sensor rows in that window carry related_failure_id=F00792.,reset and recalibrate sensor
F00793,M017,2025-08-08T03:27:40,power_relay,6.75,Moderate,1,1,1,sensor_or_control,thermal sensor drift,0.92,True,72,76.77,0.082,6.677,76.34,power_relay failed after a 72-hour sensor_or_control pattern connected to thermal sensor drift. Sensor rows in that window carry related_failure_id=F00793.,reset and recalibrate sensor
F00794,M010,2025-08-09T16:34:00,bobbin_case,10.05,Major,1,1,1,wear_or_lubrication,needle drive vibration,0.86,True,72,78.11,1.621,3.642,36.71,bobbin_case failed after a 72-hour wear_or_lubrication pattern connected to needle drive vibration. Sensor rows in that window carry related_failure_id=F00794.,inspect component and replace if worn
F00795,M005,2025-08-09T22:12:00,pan_tilt_motor,1.93,Minor,1,1,1,wear_or_lubrication,pan tilt motor binding,0.82,True,72,54.67,0.107,1.171,50.55,pan_tilt_motor failed after a 72-hour wear_or_lubrication pattern connected to pan tilt motor binding. Sensor rows in that window carry related_failure_id=F00795.,top up lubricant and inspect bearings
F00796,M019,2025-08-10T21:55:00,thermostat,43.72,Critical,1,1,1,wear_or_lubrication,condenser fan imbalance,0.86,True,72,26.87,0.983,4.765,43.36,thermostat failed after a 72-hour wear_or_lubrication pattern connected to condenser fan imbalance. Sensor rows in that window carry related_failure_id=F00796.,check power supply and wiring
F00797,M005,2025-08-15T23:54:00,image_sensor,1.4,Minor,1,1,1,electrical_fault,power board instability,0.82,True,72,48.38,0.186,1.674,36.5,image_sensor failed after a 72-hour electrical_fault pattern connected to power board instability. Sensor rows in that window carry related_failure_id=F00797.,check power supply and wiring
F00798,M006,2025-08-16T17:46:00,image_sensor,56.41,Critical,1,1,1,wear_or_lubrication,shutter actuator wear,0.9,True,72,49.79,0.212,2.457,45.15,image_sensor failed after a 72-hour wear_or_lubrication pattern connected to shutter actuator wear. Sensor rows in that window carry related_failure_id=F00798.,reset and recalibrate sensor
F00799,M008,2025-08-18T13:01:00,paper_path_sensor,1.22,Minor,1,1,1,wear_or_lubrication,feed roller wear,0.78,True,72,53.28,0.663,3.283,40.65,paper_path_sensor failed after a 72-hour wear_or_lubrication pattern connected to feed roller wear. Sensor rows in that window carry related_failure_id=F00799.,top up lubricant and inspect bearings
F00800,M019,2025-08-19T03:56:00,thermostat,18.62,Major,1,1,1,pressure_or_airflow,door seal leak,0.95,True,72,27.94,0.392,5.185,72.49,thermostat failed after a 72-hour pressure_or_airflow pattern connected to door seal leak. Sensor rows in that window carry related_failure_id=F00800.,reset and recalibrate sensor
F00801,M015,2025-08-23T01:50:00,refrigerant_loop,5.07,Moderate,1,1,1,electrical_fault,control board fault,0.91,True,96,60.76,1.091,15.708,46.21,refrigerant_loop failed after a 96-hour electrical_fault pattern connected to control board fault. Sensor rows in that window carry related_failure_id=F00801.,reset and recalibrate sensor
F00802,M007,2025-08-25T07:32:00,imaging_drum,6.14,Moderate,1,1,1,blockage_or_jam,paper feed jam,0.84,True,96,188.33,1.86,10.09,42.35,imaging_drum failed after a 96-hour blockage_or_jam pattern connected to paper feed jam. Sensor rows in that window carry related_failure_id=F00802.,clean or clear obstruction
F00803,M015,2025-08-28T18:36:00,control_board,19.07,Major,1,1,1,electrical_fault,control board fault,0.78,True,72,56.96,0.455,12.835,54.02,control_board failed after a 72-hour electrical_fault pattern connected to control board fault. Sensor rows in that window carry related_failure_id=F00803.,reset and recalibrate sensor
F00804,M002,2025-08-31T22:34:00,hose,56.72,Critical,1,1,1,blockage_or_jam,brush roll jam,0.95,True,72,63.84,2.106,9.431,69.37,hose failed after a 72-hour blockage_or_jam pattern connected to brush roll jam. Sensor rows in that window carry related_failure_id=F00804.,top up lubricant and inspect bearings
F00805,M020,2025-09-01T08:11:00,bluetooth_module,5.6,Moderate,1,1,1,electrical_fault,charging port fault,0.92,True,96,43.55,0.075,0.584,85.24,bluetooth_module failed after a 96-hour electrical_fault pattern connected to charging port fault. Sensor rows in that window carry related_failure_id=F00805.,reset and recalibrate sensor
F00806,M019,2025-09-02T05:32:39,condenser_fan,24.0,Major,1,1,1,sensor_or_control,thermostat drift,0.96,True,24,28.7,1.17,4.69,67.21,condenser_fan failed after a 24-hour sensor_or_control pattern connected to thermostat drift. Sensor rows in that window carry related_failure_id=F00806.,check power supply and wiring
F00807,M006,2025-09-03T14:24:00,image_sensor,1.84,Minor,1,1,1,blockage_or_jam,lens mount obstruction,0.9,True,72,41.89,0.265,2.992,68.88,image_sensor failed after a 72-hour blockage_or_jam pattern connected to lens mount obstruction. Sensor rows in that window carry related_failure_id=F00807.,schedule immediate service
F00808,M010,2025-09-05T21:44:00,bobbin_case,1.82,Minor,1,1,1,wear_or_lubrication,insufficient lubrication,0.86,False,72,71.69,1.774,3.408,62.4,bobbin_case failed after a 72-hour wear_or_lubrication pattern connected to insufficient lubrication. Sensor rows in that window carry related_failure_id=F00808.,inspect component and replace if worn
F00809,M018,2025-09-05T23:15:00,keypad_matrix,3.84,Moderate,1,1,1,sensor_or_control,keypad contact issue,0.91,True,96,37.36,0.024,0.117,78.64,keypad_matrix failed after a 96-hour sensor_or_control pattern connected to keypad contact issue. Sensor rows in that window carry related_failure_id=F00809.,reset and recalibrate sensor
F00810,M007,2025-09-06T06:58:57,imaging_drum,12.51,Major,1,1,1,overheating,fuser overheating,0.98,True,72,196.79,0.448,9.776,40.36,imaging_drum failed after a 72-hour overheating pattern connected to fuser overheating. Sensor rows in that window carry related_failure_id=F00810.,top up lubricant and inspect bearings
F00811,M014,2025-09-06T07:04:56,keypad,3.61,Moderate,1,1,1,sensor_or_control,keypad fault,0.92,True,72,43.41,0.046,0.302,80.95,keypad failed after a 72-hour sensor_or_control pattern connected to keypad fault. Sensor rows in that window carry related_failure_id=F00811.,top up lubricant and inspect bearings
F00812,M003,2025-09-08T20:45:41,drain_pump,6.49,Moderate,1,1,1,overheating,heater fault,0.86,True,72,51.73,0.16,8.935,68.58,drain_pump failed after a 72-hour overheating pattern connected to heater fault. Sensor rows in that window carry related_failure_id=F00812.,check power supply and wiring
F00813,M003,2025-09-09T14:54:00,circulation_pump,8.5,Major,1,1,1,overheating,heater fault,0.79,True,96,69.15,0.551,9.805,67.23,circulation_pump failed after a 96-hour overheating pattern connected to heater fault. Sensor rows in that window carry related_failure_id=F00813.,inspect component and replace if worn
F00814,M005,2025-09-12T03:12:54,image_sensor,2.12,Minor,1,1,1,wear_or_lubrication,pan tilt motor binding,0.77,True,72,55.95,0.391,1.237,29.41,image_sensor failed after a 72-hour wear_or_lubrication pattern connected to pan tilt motor binding. Sensor rows in that window carry related_failure_id=F00814.,top up lubricant and inspect bearings
F00815,M003,2025-09-12T15:48:00,circulation_pump,0.83,Minor,1,1,1,blockage_or_jam,drain restriction,0.93,True,48,64.11,0.613,9.422,67.36,circulation_pump failed after a 48-hour blockage_or_jam pattern connected to drain restriction. Sensor rows in that window carry related_failure_id=F00815.,schedule immediate service
F00816,M010,2025-09-16T02:38:00,feed_dog,23.48,Major,1,1,1,wear_or_lubrication,needle drive vibration,0.81,True,72,55.71,1.286,3.606,65.04,feed_dog failed after a 72-hour wear_or_lubrication pattern connected to needle drive vibration. Sensor rows in that window carry related_failure_id=F00816.,inspect component and replace if worn
F00817,M003,2025-09-17T11:09:40,drain_pump,13.49,Major,1,1,1,overheating,heater fault,0.88,True,72,78.95,0.194,10.074,70.22,drain_pump failed after a 72-hour overheating pattern connected to heater fault. Sensor rows in that window carry related_failure_id=F00817.,inspect component and replace if worn
F00818,M014,2025-09-19T03:04:00,keypad,14.37,Major,1,1,1,sensor_or_control,keypad fault,0.98,True,72,37.5,0.037,0.291,81.14,keypad failed after a 72-hour sensor_or_control pattern connected to keypad fault. Sensor rows in that window carry related_failure_id=F00818.,check power supply and wiring
F00819,M020,2025-09-21T04:42:00,bluetooth_module,1.69,Minor,1,1,1,electrical_fault,battery degradation,0.8,True,72,41.79,0.058,0.469,79.57,bluetooth_module failed after a 72-hour electrical_fault pattern connected to battery degradation. Sensor rows in that window carry related_failure_id=F00819.,top up lubricant and inspect bearings
F00820,M001,2025-09-21T20:51:00,cooling_fan,2.4,Minor,1,1,1,pressure_or_airflow,cooling fan failure,0.95,True,72,190.99,0.11,15.417,65.84,cooling_fan failed after a 72-hour pressure_or_airflow pattern connected to cooling fan failure. Sensor rows in that window carry related_failure_id=F00820.,inspect component and replace if worn
F00821,M015,2025-09-23T04:59:00,refrigerant_loop,6.15,Moderate,1,1,1,electrical_fault,control board fault,0.95,True,72,55.03,0.772,13.236,21.47,refrigerant_loop failed after a 72-hour electrical_fault pattern connected to control board fault. Sensor rows in that window carry related_failure_id=F00821.,reset and recalibrate sensor
F00822,M007,2025-09-26T06:59:37,imaging_drum,1.19,Minor,1,1,1,overheating,fuser overheating,0.82,True,72,187.77,1.922,11.371,45.31,imaging_drum failed after a 72-hour overheating pattern connected to fuser overheating. Sensor rows in that window carry related_failure_id=F00822.,check power supply and wiring
F00823,M008,2025-09-30T16:12:15,drive_motor,1.16,Minor,1,1,1,wear_or_lubrication,feed roller wear,0.95,True,72,76.79,0.559,3.461,48.96,drive_motor failed after a 72-hour wear_or_lubrication pattern connected to feed roller wear. Sensor rows in that window carry related_failure_id=F00823.,top up lubricant and inspect bearings
F00824,M011,2025-09-30T20:24:49,door_interlock,8.09,Moderate,1,1,1,sensor_or_control,door interlock fault,0.8,False,72,83.5,0.235,9.119,69.4,door_interlock failed after a 72-hour sensor_or_control pattern connected to door interlock fault. Sensor rows in that window carry related_failure_id=F00824.,check power supply and wiring
F00825,M007,2025-09-30T22:20:00,imaging_drum,12.02,Major,1,1,1,blockage_or_jam,paper feed jam,0.92,True,72,124.47,1.192,11.221,41.04,imaging_drum failed after a 72-hour blockage_or_jam pattern connected to paper feed jam. Sensor rows in that window carry related_failure_id=F00825.,inspect component and replace if worn
F00826,M020,2025-10-02T21:24:00,audio_driver,2.94,Moderate,1,1,1,sensor_or_control,audio driver distortion,0.91,True,72,43.16,0.063,0.429,77.48,audio_driver failed after a 72-hour sensor_or_control pattern connected to audio driver distortion. Sensor rows in that window carry related_failure_id=F00826.,check power supply and wiring
F00827,M011,2025-10-04T02:17:00,magnetron,18.44,Major,1,1,1,sensor_or_control,door interlock fault,0.87,True,72,67.4,0.234,9.186,68.98,magnetron failed after a 72-hour sensor_or_control pattern connected to door interlock fault. Sensor rows in that window carry related_failure_id=F00827.,reset and recalibrate sensor
F00828,M011,2025-10-04T13:30:00,turntable_motor,2.77,Moderate,1,1,1,overheating,magnetron overheating,0.98,True,72,88.45,0.209,9.61,68.83,turntable_motor failed after a 72-hour overheating pattern connected to magnetron overheating. Sensor rows in that window carry related_failure_id=F00828.,inspect component and replace if worn
F00829,M019,2025-10-06T14:19:00,door_seal,24.0,Major,1,1,1,sensor_or_control,thermostat drift,0.93,True,72,38.3,0.205,5.103,55.94,door_seal failed after a 72-hour sensor_or_control pattern connected to thermostat drift. Sensor rows in that window carry related_failure_id=F00829.,check power supply and wiring
F00830,M016,2025-10-08T11:02:28,mounting_clamp,1.62,Minor,1,1,1,sensor_or_control,trigger sensor drift,0.81,True,72,57.98,0.195,1.272,78.17,mounting_clamp failed after a 72-hour sensor_or_control pattern connected to trigger sensor drift. Sensor rows in that window carry related_failure_id=F00830.,reset and recalibrate sensor
F00831,M019,2025-10-11T12:26:27,thermostat,1.78,Minor,1,1,1,pressure_or_airflow,door seal leak,0.8,True,72,33.65,0.964,4.783,34.14,thermostat failed after a 72-hour pressure_or_airflow pattern connected to door seal leak. Sensor rows in that window carry related_failure_id=F00831.,inspect component and replace if worn
F00832,M018,2025-10-12T19:01:38,logic_board,1.61,Minor,1,1,1,sensor_or_control,display segment fault,0.82,True,48,44.04,0.042,0.062,80.96,logic_board failed after a 48-hour sensor_or_control pattern connected to display segment fault. Sensor rows in that window carry related_failure_id=F00832.,reset and recalibrate sensor
F00833,M015,2025-10-13T16:18:00,refrigerant_loop,5.1,Moderate,1,1,1,electrical_fault,control board fault,0.77,False,48,53.41,1.134,15.24,28.66,refrigerant_loop failed after a 48-hour electrical_fault pattern connected to control board fault. Sensor rows in that window carry related_failure_id=F00833.,reset and recalibrate sensor
F00834,M016,2025-10-19T00:10:41,audio_processor,6.89,Moderate,1,1,1,electrical_fault,power input noise,0.85,True,72,67.74,0.205,1.551,77.22,audio_processor failed after a 72-hour electrical_fault pattern connected to power input noise. Sensor rows in that window carry related_failure_id=F00834.,check power supply and wiring
F00835,M011,2025-10-19T01:57:00,turntable_motor,4.91,Moderate,1,1,1,overheating,magnetron overheating,0.98,False,96,102.77,0.212,9.678,67.53,turntable_motor failed after a 96-hour overheating pattern connected to magnetron overheating. Sensor rows in that window carry related_failure_id=F00835.,inspect component and replace if worn
F00836,M013,2025-10-21T09:25:42,blade_assembly,17.72,Major,1,1,1,pressure_or_airflow,jar seal leak,0.84,True,72,70.51,0.813,6.753,66.9,blade_assembly failed after a 72-hour pressure_or_airflow pattern connected to jar seal leak. Sensor rows in that window carry related_failure_id=F00836.,check power supply and wiring
F00837,M003,2025-10-24T01:46:00,drain_pump,4.24,Moderate,1,1,1,pressure_or_airflow,water pressure anomaly,0.78,True,72,66.24,0.348,9.028,66.47,drain_pump failed after a 72-hour pressure_or_airflow pattern connected to water pressure anomaly. Sensor rows in that window carry related_failure_id=F00837.,schedule immediate service
F00838,M017,2025-10-24T17:53:00,thermal_sensor,0.84,Minor,1,1,1,electrical_fault,power relay fault,0.92,True,72,73.68,0.075,7.643,74.2,thermal_sensor failed after a 72-hour electrical_fault pattern connected to power relay fault. Sensor rows in that window carry related_failure_id=F00838.,reset and recalibrate sensor
F00839,M018,2025-10-27T01:57:00,keypad_matrix,1.69,Minor,1,1,1,electrical_fault,logic board reset,0.84,True,72,38.71,0.04,0.136,80.19,keypad_matrix failed after a 72-hour electrical_fault pattern connected to logic board reset. Sensor rows in that window carry related_failure_id=F00839.,reset and recalibrate sensor
F00840,M019,2025-10-27T10:42:20,condenser_fan,16.52,Major,1,1,1,wear_or_lubrication,condenser fan imbalance,0.97,True,72,23.92,1.124,5.095,68.12,condenser_fan failed after a 72-hour wear_or_lubrication pattern connected to condenser fan imbalance. Sensor rows in that window carry related_failure_id=F00840.,top up lubricant and inspect bearings
F00841,M006,2025-10-27T13:20:41,image_sensor,24.0,Major,1,1,1,blockage_or_jam,lens mount obstruction,0.89,True,72,50.57,0.23,2.649,57.48,image_sensor failed after a 72-hour blockage_or_jam pattern connected to lens mount obstruction. Sensor rows in that window carry related_failure_id=F00841.,clean or clear obstruction
F00842,M003,2025-10-28T04:20:00,drain_pump,5.16,Moderate,1,1,1,overheating,heater fault,0.86,True,24,71.73,0.001,10.071,73.11,drain_pump failed after a 24-hour overheating pattern connected to heater fault. Sensor rows in that window carry related_failure_id=F00842.,schedule immediate service
F00843,M018,2025-10-30T23:50:00,lcd_display,4.43,Moderate,1,1,1,sensor_or_control,display segment fault,0.8,True,72,40.96,0.036,0.102,81.4,lcd_display failed after a 72-hour sensor_or_control pattern connected to display segment fault. Sensor rows in that window carry related_failure_id=F00843.,clean or clear obstruction
F00844,M004,2025-10-31T12:28:00,speaker_driver,20.92,Major,1,1,1,overheating,amplifier overheating,0.85,True,72,61.5,0.443,3.871,82.39,speaker_driver failed after a 72-hour overheating pattern connected to amplifier overheating. Sensor rows in that window carry related_failure_id=F00844.,check power supply and wiring
F00845,M013,2025-11-01T21:39:00,drive_motor,3.72,Moderate,1,1,1,overheating,motor overheating,0.82,True,72,89.57,1.664,7.296,69.07,drive_motor failed after a 72-hour overheating pattern connected to motor overheating. Sensor rows in that window carry related_failure_id=F00845.,check power supply and wiring
F00846,M008,2025-11-03T21:05:16,drive_motor,13.79,Major,1,1,1,overheating,scan head overheating,0.93,True,72,45.69,0.94,3.316,68.46,drive_motor failed after a 72-hour overheating pattern connected to scan head overheating. Sensor rows in that window carry related_failure_id=F00846.,schedule immediate service
F00847,M014,2025-11-05T12:31:00,battery_pack,0.92,Minor,1,1,1,sensor_or_control,keypad fault,0.84,True,72,37.91,0.04,0.376,78.94,battery_pack failed after a 72-hour sensor_or_control pattern connected to keypad fault. Sensor rows in that window carry related_failure_id=F00847.,reset and recalibrate sensor
F00848,M006,2025-11-05T20:44:00,lens_mount,43.0,Critical,1,1,1,electrical_fault,battery voltage sag,0.83,True,72,47.48,0.071,3.101,66.88,lens_mount failed after a 72-hour electrical_fault pattern connected to battery voltage sag. Sensor rows in that window carry related_failure_id=F00848.,schedule immediate service
F00849,M005,2025-11-06T19:50:42,network_module,0.86,Minor,1,1,1,electrical_fault,power board instability,0.96,True,72,49.94,0.222,1.785,48.95,network_module failed after a 72-hour electrical_fault pattern connected to power board instability. Sensor rows in that window carry related_failure_id=F00849.,check power supply and wiring
F00850,M017,2025-11-07T07:48:00,power_relay,1.74,Minor,1,1,1,pressure_or_airflow,lid seal leak,0.83,False,72,86.66,0.059,7.307,79.03,power_relay failed after a 72-hour pressure_or_airflow pattern connected to lid seal leak. Sensor rows in that window carry related_failure_id=F00850.,clean or clear obstruction
F00851,M005,2025-11-08T06:59:13,pan_tilt_motor,18.1,Major,1,1,1,wear_or_lubrication,pan tilt motor binding,0.81,True,72,45.96,0.278,1.496,35.75,pan_tilt_motor failed after a 72-hour wear_or_lubrication pattern connected to pan tilt motor binding. Sensor rows in that window carry related_failure_id=F00851.,top up lubricant and inspect bearings
F00852,M018,2025-11-08T22:31:00,logic_board,1.28,Minor,1,1,1,electrical_fault,logic board reset,0.92,True,72,37.52,0.035,0.119,80.2,logic_board failed after a 72-hour electrical_fault pattern connected to logic board reset. Sensor rows in that window carry related_failure_id=F00852.,inspect component and replace if worn
F00853,M010,2025-11-09T04:40:00,bobbin_case,8.5,Moderate,1,1,1,overheating,motor overheating,0.79,True,48,52.41,0.83,3.8,30.97,bobbin_case failed after a 48-hour overheating pattern connected to motor overheating. Sensor rows in that window carry related_failure_id=F00853.,inspect component and replace if worn
F00854,M014,2025-11-12T08:29:00,battery_pack,2.0,Minor,1,1,1,electrical_fault,charging contact corrosion,0.78,True,48,35.88,0.065,0.372,85.77,battery_pack failed after a 48-hour electrical_fault pattern connected to charging contact corrosion. Sensor rows in that window carry related_failure_id=F00854.,check power supply and wiring
F00855,M004,2025-11-13T19:24:00,speaker_driver,6.25,Moderate,1,1,1,sensor_or_control,speaker driver distortion,0.89,True,72,71.16,0.179,2.968,82.27,speaker_driver failed after a 72-hour sensor_or_control pattern connected to speaker driver distortion. Sensor rows in that window carry related_failure_id=F00855.,reset and recalibrate sensor
F00856,M008,2025-11-14T15:46:00,paper_path_sensor,0.84,Minor,1,1,1,blockage_or_jam,paper path obstruction,0.85,True,72,54.87,0.8,3.258,61.56,paper_path_sensor failed after a 72-hour blockage_or_jam pattern connected to paper path obstruction. Sensor rows in that window carry related_failure_id=F00856.,schedule immediate service
F00857,M001,2025-11-16T07:08:01,door_seal,1.31,Minor,1,1,1,overheating,heating element degradation,0.92,True,72,230.65,0.081,16.953,69.96,door_seal failed after a 72-hour overheating pattern connected to heating element degradation. Sensor rows in that window carry related_failure_id=F00857.,inspect component and replace if worn
F00858,M015,2025-11-19T09:40:00,refrigerant_loop,55.46,Critical,1,1,1,wear_or_lubrication,fan motor bearing wear,0.93,True,24,52.26,1.156,11.234,37.91,refrigerant_loop failed after a 24-hour wear_or_lubrication pattern connected to fan motor bearing wear. Sensor rows in that window carry related_failure_id=F00858.,top up lubricant and inspect bearings
F00859,M003,2025-11-23T00:46:00,circulation_pump,48.59,Critical,1,1,1,pressure_or_airflow,water pressure anomaly,0.96,True,72,65.82,0.226,9.713,76.59,circulation_pump failed after a 72-hour pressure_or_airflow pattern connected to water pressure anomaly. Sensor rows in that window carry related_failure_id=F00859.,clean or clear obstruction
F00860,M009,2025-11-23T03:34:00,temperature_sensor,5.02,Moderate,1,1,1,overheating,induction coil overheating,0.89,True,72,185.83,0.312,15.834,51.82,temperature_sensor failed after a 72-hour overheating pattern connected to induction coil overheating. Sensor rows in that window carry related_failure_id=F00860.,inspect component and replace if worn
F00861,M017,2025-11-26T02:59:00,heating_plate,22.74,Major,1,1,1,sensor_or_control,thermal sensor drift,0.94,True,72,79.08,0.088,5.916,73.45,heating_plate failed after a 72-hour sensor_or_control pattern connected to thermal sensor drift. Sensor rows in that window carry related_failure_id=F00861.,inspect component and replace if worn
F00862,M017,2025-12-02T07:10:00,power_relay,15.9,Major,1,1,1,pressure_or_airflow,lid seal leak,0.85,True,72,76.4,0.075,6.805,75.29,power_relay failed after a 72-hour pressure_or_airflow pattern connected to lid seal leak. Sensor rows in that window carry related_failure_id=F00862.,check power supply and wiring
F00863,M009,2025-12-02T20:10:00,temperature_sensor,6.64,Moderate,1,1,1,electrical_fault,power module fault,0.8,True,72,147.12,0.331,22.176,52.91,temperature_sensor failed after a 72-hour electrical_fault pattern connected to power module fault. Sensor rows in that window carry related_failure_id=F00863.,clean or clear obstruction
F00864,M015,2025-12-02T22:11:00,compressor,15.57,Major,1,1,1,electrical_fault,control board fault,0.86,False,72,60.57,1.041,12.994,61.98,compressor failed after a 72-hour electrical_fault pattern connected to control board fault. Sensor rows in that window carry related_failure_id=F00864.,check power supply and wiring
F00865,M014,2025-12-11T17:53:00,keypad,3.72,Moderate,1,1,1,sensor_or_control,keypad fault,0.84,True,72,44.18,0.052,0.353,78.81,keypad failed after a 72-hour sensor_or_control pattern connected to keypad fault. Sensor rows in that window carry related_failure_id=F00865.,check power supply and wiring
F00866,M001,2025-12-13T03:53:00,door_seal,9.44,Major,1,1,1,overheating,heating element degradation,0.81,True,72,221.23,0.082,16.978,67.56,door_seal failed after a 72-hour overheating pattern connected to heating element degradation. Sensor rows in that window carry related_failure_id=F00866.,inspect component and replace if worn
F00867,M008,2025-12-14T07:47:00,paper_path_sensor,4.19,Moderate,1,1,1,overheating,scan head overheating,0.92,True,72,76.01,0.312,3.335,67.07,paper_path_sensor failed after a 72-hour overheating pattern connected to scan head overheating. Sensor rows in that window carry related_failure_id=F00867.,inspect component and replace if worn
F00868,M019,2025-12-15T19:23:09,door_seal,8.31,Moderate,1,1,1,sensor_or_control,thermostat drift,0.78,True,24,30.23,0.635,4.995,55.95,door_seal failed after a 24-hour sensor_or_control pattern connected to thermostat drift. Sensor rows in that window carry related_failure_id=F00868.,check power supply and wiring
F00869,M003,2025-12-16T02:30:00,circulation_pump,3.65,Moderate,1,1,1,pressure_or_airflow,water pressure anomaly,0.96,True,72,51.81,0.641,9.615,66.94,circulation_pump failed after a 72-hour pressure_or_airflow pattern connected to water pressure anomaly. Sensor rows in that window carry related_failure_id=F00869.,clean or clear obstruction
F00870,M009,2025-12-17T00:55:12,temperature_sensor,0.98,Minor,1,1,1,overheating,induction coil overheating,0.98,True,72,168.65,0.318,20.703,56.1,temperature_sensor failed after a 72-hour overheating pattern connected to induction coil overheating. Sensor rows in that window carry related_failure_id=F00870.,inspect component and replace if worn
F00871,M012,2025-12-17T09:15:00,foil_head,4.52,Moderate,1,1,1,electrical_fault,charging port fault,0.91,True,72,45.83,0.533,0.996,48.06,foil_head failed after a 72-hour electrical_fault pattern connected to charging port fault. Sensor rows in that window carry related_failure_id=F00871.,reset and recalibrate sensor
F00872,M011,2025-12-18T06:27:05,magnetron,34.21,Critical,1,1,1,sensor_or_control,door interlock fault,0.85,True,72,85.7,0.252,9.101,67.65,magnetron failed after a 72-hour sensor_or_control pattern connected to door interlock fault. Sensor rows in that window carry related_failure_id=F00872.,reset and recalibrate sensor
F00873,M003,2025-12-19T11:36:00,drain_pump,5.53,Moderate,1,1,1,blockage_or_jam,drain restriction,0.83,True,72,56.83,0.131,9.841,66.04,drain_pump failed after a 72-hour blockage_or_jam pattern connected to drain restriction. Sensor rows in that window carry related_failure_id=F00873.,clean or clear obstruction
F00874,M013,2025-12-20T11:28:29,drive_motor,56.51,Critical,1,1,1,overheating,motor overheating,0.89,True,72,104.2,0.832,6.423,66.24,drive_motor failed after a 72-hour overheating pattern connected to motor overheating. Sensor rows in that window carry related_failure_id=F00874.,reset and recalibrate sensor
F00875,M014,2025-12-23T10:04:00,battery_pack,17.77,Major,1,1,1,sensor_or_control,speaker fault,0.79,True,72,42.47,0.051,0.321,80.27,battery_pack failed after a 72-hour sensor_or_control pattern connected to speaker fault. Sensor rows in that window carry related_failure_id=F00875.,top up lubricant and inspect bearings
F00876,M013,2025-12-24T10:26:00,coupler,4.41,Moderate,1,1,1,blockage_or_jam,blade jam,0.88,True,72,92.87,1.984,6.351,73.69,coupler failed after a 72-hour blockage_or_jam pattern connected to blade jam. Sensor rows in that window carry related_failure_id=F00876.,clean or clear obstruction
F00877,M015,2025-12-26T22:44:00,refrigerant_loop,24.0,Critical,1,1,1,wear_or_lubrication,fan motor bearing wear,0.79,True,72,57.88,0.675,11.392,28.77,refrigerant_loop failed after a 72-hour wear_or_lubrication pattern connected to fan motor bearing wear. Sensor rows in that window carry related_failure_id=F00877.,inspect component and replace if worn
F00878,M017,2025-12-29T12:32:00,thermal_sensor,1.31,Minor,1,1,1,pressure_or_airflow,lid seal leak,0.79,True,96,76.69,0.077,6.802,77.92,thermal_sensor failed after a 96-hour pressure_or_airflow pattern connected to lid seal leak. Sensor rows in that window carry related_failure_id=F00878.,inspect component and replace if worn
F00879,M002,2025-12-29T14:37:00,brush_roll,1.15,Minor,1,1,1,blockage_or_jam,brush roll jam,0.95,True,72,67.85,1.92,9.738,64.77,brush_roll failed after a 72-hour blockage_or_jam pattern connected to brush roll jam. Sensor rows in that window carry related_failure_id=F00879.,schedule immediate service
F00880,M009,2025-12-30T01:13:00,induction_coil,46.78,Critical,1,1,1,sensor_or_control,temperature sensor drift,0.83,False,72,120.48,0.294,19.957,51.41,induction_coil failed after a 72-hour sensor_or_control pattern connected to temperature sensor drift. Sensor rows in that window carry related_failure_id=F00880.,check power supply and wiring
F00881,M013,2026-01-04T03:15:00,jar_seal,35.66,Critical,1,1,1,pressure_or_airflow,jar seal leak,0.94,True,72,73.67,0.826,7.095,66.75,jar_seal failed after a 72-hour pressure_or_airflow pattern connected to jar seal leak. Sensor rows in that window carry related_failure_id=F00881.,reset and recalibrate sensor
F00882,M001,2026-01-04T23:06:00,cooling_fan,1.07,Minor,1,1,1,pressure_or_airflow,cooling fan failure,0.81,True,72,171.07,0.095,15.774,70.31,cooling_fan failed after a 72-hour pressure_or_airflow pattern connected to cooling fan failure. Sensor rows in that window carry related_failure_id=F00882.,schedule immediate service
F00883,M012,2026-01-06T12:45:00,charging_port,1.91,Minor,1,1,1,electrical_fault,charging port fault,0.87,True,72,41.34,0.486,1.242,52.26,charging_port failed after a 72-hour electrical_fault pattern connected to charging port fault. Sensor rows in that window carry related_failure_id=F00883.,reset and recalibrate sensor
F00884,M003,2026-01-06T23:43:00,drain_pump,60.0,Critical,1,1,1,blockage_or_jam,drain restriction,0.94,True,72,55.33,0.001,9.622,66.6,drain_pump failed after a 72-hour blockage_or_jam pattern connected to drain restriction. Sensor rows in that window carry related_failure_id=F00884.,schedule immediate service
F00885,M010,2026-01-07T13:10:00,feed_dog,5.07,Moderate,1,1,1,overheating,motor overheating,0.8,True,72,92.35,0.653,3.682,65.89,feed_dog failed after a 72-hour overheating pattern connected to motor overheating. Sensor rows in that window carry related_failure_id=F00885.,inspect component and replace if worn
F00886,M010,2026-01-08T21:54:22,bobbin_case,1.05,Minor,1,1,1,wear_or_lubrication,insufficient lubrication,0.77,True,72,58.53,1.729,3.467,46.92,bobbin_case failed after a 72-hour wear_or_lubrication pattern connected to insufficient lubrication. Sensor rows in that window carry related_failure_id=F00886.,top up lubricant and inspect bearings
F00887,M007,2026-01-10T06:30:00,imaging_drum,1.26,Minor,1,1,1,overheating,fuser overheating,0.81,True,48,149.82,0.265,11.582,43.9,imaging_drum failed after a 48-hour overheating pattern connected to fuser overheating. Sensor rows in that window carry related_failure_id=F00887.,inspect component and replace if worn
F00888,M005,2026-01-12T05:58:00,network_module,9.93,Major,1,1,1,wear_or_lubrication,pan tilt motor binding,0.78,True,72,48.69,0.057,1.429,37.62,network_module failed after a 72-hour wear_or_lubrication pattern connected to pan tilt motor binding. Sensor rows in that window carry related_failure_id=F00888.,top up lubricant and inspect bearings
F00889,M006,2026-01-12T21:10:00,battery_pack,1.01,Minor,1,1,1,wear_or_lubrication,shutter actuator wear,0.92,True,72,47.64,0.202,2.86,54.61,battery_pack failed after a 72-hour wear_or_lubrication pattern connected to shutter actuator wear. Sensor rows in that window carry related_failure_id=F00889.,inspect component and replace if worn
F00890,M011,2026-01-13T04:23:00,magnetron,1.2,Minor,1,1,1,sensor_or_control,door interlock fault,0.89,True,72,74.75,0.235,9.016,66.33,magnetron failed after a 72-hour sensor_or_control pattern connected to door interlock fault. Sensor rows in that window carry related_failure_id=F00890.,check power supply and wiring
F00891,M018,2026-01-13T09:13:38,battery_cell,3.73,Moderate,1,1,1,sensor_or_control,keypad contact issue,0.78,True,72,39.21,0.031,0.08,79.61,battery_cell failed after a 72-hour sensor_or_control pattern connected to keypad contact issue. Sensor rows in that window carry related_failure_id=F00891.,clean or clear obstruction
F00892,M007,2026-01-15T13:32:09,imaging_drum,6.41,Moderate,1,1,1,overheating,fuser overheating,0.94,True,48,198.56,1.049,12.039,42.43,imaging_drum failed after a 48-hour overheating pattern connected to fuser overheating. Sensor rows in that window carry related_failure_id=F00892.,check power supply and wiring
F00893,M015,2026-01-17T07:31:00,control_board,4.98,Moderate,1,1,1,electrical_fault,control board fault,0.93,True,48,61.42,1.044,13.156,46.57,control_board failed after a 48-hour electrical_fault pattern connected to control board fault. Sensor rows in that window carry related_failure_id=F00893.,check power supply and wiring
F00894,M011,2026-01-20T17:11:00,magnetron,17.43,Major,1,1,1,sensor_or_control,door interlock fault,0.9,False,48,98.94,0.218,9.206,70.73,magnetron failed after a 48-hour sensor_or_control pattern connected to door interlock fault. Sensor rows in that window carry related_failure_id=F00894.,check power supply and wiring
F00895,M004,2026-02-01T12:18:00,cooling_path,7.15,Moderate,1,1,1,sensor_or_control,speaker driver distortion,0.82,True,72,54.86,0.091,3.805,87.15,cooling_path failed after a 72-hour sensor_or_control pattern connected to speaker driver distortion. Sensor rows in that window carry related_failure_id=F00895.,check power supply and wiring
F00896,M006,2026-02-05T00:40:00,lens_mount,2.08,Minor,1,1,1,wear_or_lubrication,shutter actuator wear,0.85,True,72,44.05,0.314,3.328,44.83,lens_mount failed after a 72-hour wear_or_lubrication pattern connected to shutter actuator wear. Sensor rows in that window carry related_failure_id=F00896.,top up lubricant and inspect bearings
F00897,M013,2026-02-08T02:23:32,coupler,1.59,Minor,1,1,1,wear_or_lubrication,coupler wear,0.83,True,72,78.04,2.194,6.173,60.62,coupler failed after a 72-hour wear_or_lubrication pattern connected to coupler wear. Sensor rows in that window carry related_failure_id=F00897.,inspect component and replace if worn
F00898,M005,2026-02-09T19:45:00,pan_tilt_motor,1.34,Minor,1,1,1,electrical_fault,power board instability,0.96,True,72,50.32,0.314,1.469,37.94,pan_tilt_motor failed after a 72-hour electrical_fault pattern connected to power board instability. Sensor rows in that window carry related_failure_id=F00898.,check power supply and wiring
F00899,M019,2026-02-09T21:54:00,thermostat,24.0,Major,1,1,1,pressure_or_airflow,door seal leak,0.83,True,48,30.93,0.851,4.767,50.49,thermostat failed after a 48-hour pressure_or_airflow pattern connected to door seal leak. Sensor rows in that window carry related_failure_id=F00899.,clean or clear obstruction
F00900,M006,2026-02-10T13:27:00,image_sensor,8.39,Moderate,1,1,1,blockage_or_jam,lens mount obstruction,0.79,False,72,50.38,0.271,3.282,52.07,image_sensor failed after a 72-hour blockage_or_jam pattern connected to lens mount obstruction. Sensor rows in that window carry related_failure_id=F00900.,clean or clear obstruction
F00901,M002,2026-02-15T00:48:45,brush_roll,5.75,Moderate,1,1,1,overheating,motor overheating,0.93,True,72,92.55,0.774,8.71,64.98,brush_roll failed after a 72-hour overheating pattern connected to motor overheating. Sensor rows in that window carry related_failure_id=F00901.,top up lubricant and inspect bearings
F00902,M016,2026-02-18T14:08:00,mounting_clamp,12.76,Major,1,1,1,overheating,audio processor overheating,0.85,True,72,68.94,0.197,1.077,70.53,mounting_clamp failed after a 72-hour overheating pattern connected to audio processor overheating. Sensor rows in that window carry related_failure_id=F00902.,top up lubricant and inspect bearings
F00903,M020,2026-02-18T14:20:05,charging_port,0.62,Minor,1,1,1,sensor_or_control,audio driver distortion,0.88,True,72,42.05,0.064,0.401,76.99,charging_port failed after a 72-hour sensor_or_control pattern connected to audio driver distortion. Sensor rows in that window carry related_failure_id=F00903.,top up lubricant and inspect bearings
F00904,M019,2026-02-26T02:04:00,condenser_fan,1.18,Minor,1,1,1,pressure_or_airflow,door seal leak,0.89,True,72,17.98,0.577,5.227,73.12,condenser_fan failed after a 72-hour pressure_or_airflow pattern connected to door seal leak. Sensor rows in that window carry related_failure_id=F00904.,clean or clear obstruction
F00905,M003,2026-02-28T22:14:00,circulation_pump,24.12,Critical,1,1,1,pressure_or_airflow,water pressure anomaly,0.77,True,72,67.62,0.632,8.982,71.84,circulation_pump failed after a 72-hour pressure_or_airflow pattern connected to water pressure anomaly. Sensor rows in that window carry related_failure_id=F00905.,clean or clear obstruction
F00906,M010,2026-03-02T13:42:13,bobbin_case,9.66,Major,1,1,1,wear_or_lubrication,needle drive vibration,0.85,True,72,77.16,2.181,3.582,49.94,bobbin_case failed after a 72-hour wear_or_lubrication pattern connected to needle drive vibration. Sensor rows in that window carry related_failure_id=F00906.,top up lubricant and inspect bearings
F00907,M011,2026-03-04T15:13:00,turntable_motor,1.17,Minor,1,1,1,sensor_or_control,door interlock fault,0.82,True,72,78.83,0.247,9.236,70.4,turntable_motor failed after a 72-hour sensor_or_control pattern connected to door interlock fault. Sensor rows in that window carry related_failure_id=F00907.,check power supply and wiring
F00908,M017,2026-03-05T15:13:58,heating_plate,11.66,Major,1,1,1,electrical_fault,power relay fault,0.96,True,72,75.12,0.08,6.763,71.68,heating_plate failed after a 72-hour electrical_fault pattern connected to power relay fault. Sensor rows in that window carry related_failure_id=F00908.,check power supply and wiring
F00909,M003,2026-03-09T11:10:04,drain_pump,12.42,Major,1,1,1,pressure_or_airflow,water pressure anomaly,0.79,True,72,80.02,0.543,10.002,66.17,drain_pump failed after a 72-hour pressure_or_airflow pattern connected to water pressure anomaly. Sensor rows in that window carry related_failure_id=F00909.,clean or clear obstruction
F00910,M009,2026-03-11T13:38:00,power_module,1.96,Minor,1,1,1,overheating,induction coil overheating,0.94,True,72,243.82,0.28,18.05,49.78,power_module failed after a 72-hour overheating pattern connected to induction coil overheating. Sensor rows in that window carry related_failure_id=F00910.,reset and recalibrate sensor
F00911,M004,2026-03-12T21:39:00,speaker_driver,21.05,Major,1,1,1,overheating,amplifier overheating,0.78,True,24,40.6,0.393,4.3,79.46,speaker_driver failed after a 24-hour overheating pattern connected to amplifier overheating. Sensor rows in that window carry related_failure_id=F00911.,schedule immediate service
F00912,M018,2026-03-14T09:34:00,lcd_display,5.76,Moderate,1,1,1,electrical_fault,battery low voltage,0.85,True,72,38.19,0.041,0.162,78.4,lcd_display failed after a 72-hour electrical_fault pattern connected to battery low voltage. Sensor rows in that window carry related_failure_id=F00912.,check power supply and wiring
F00913,M012,2026-03-14T18:05:00,blade_motor,3.79,Moderate,1,1,1,electrical_fault,charging port fault,0.86,True,72,42.34,0.497,0.982,50.9,blade_motor failed after a 72-hour electrical_fault pattern connected to charging port fault. Sensor rows in that window carry related_failure_id=F00913.,check power supply and wiring
F00914,M006,2026-03-21T05:15:00,battery_pack,45.85,Critical,1,1,1,electrical_fault,battery voltage sag,0.95,True,72,46.89,0.148,3.575,63.72,battery_pack failed after a 72-hour electrical_fault pattern connected to battery voltage sag. Sensor rows in that window carry related_failure_id=F00914.,reset and recalibrate sensor
F00915,M018,2026-03-23T23:34:00,battery_cell,14.53,Major,1,1,1,sensor_or_control,keypad contact issue,0.95,True,72,44.14,0.022,0.064,77.17,battery_cell failed after a 72-hour sensor_or_control pattern connected to keypad contact issue. Sensor rows in that window carry related_failure_id=F00915.,top up lubricant and inspect bearings
F00916,M005,2026-03-24T05:59:45,image_sensor,7.4,Moderate,1,1,1,sensor_or_control,network module fault,0.86,True,72,47.89,0.145,1.396,58.4,image_sensor failed after a 72-hour sensor_or_control pattern connected to network module fault. Sensor rows in that window carry related_failure_id=F00916.,check power supply and wiring
F00917,M019,2026-03-26T06:56:50,door_seal,12.65,Major,1,1,1,wear_or_lubrication,condenser fan imbalance,0.92,True,72,33.7,1.045,5.015,39.35,door_seal failed after a 72-hour wear_or_lubrication pattern connected to condenser fan imbalance. Sensor rows in that window carry related_failure_id=F00917.,top up lubricant and inspect bearings
F00918,M012,2026-03-26T15:52:00,charging_port,4.91,Moderate,1,1,1,electrical_fault,battery degradation,0.96,True,72,46.43,0.48,1.043,45.67,charging_port failed after a 72-hour electrical_fault pattern connected to battery degradation. Sensor rows in that window carry related_failure_id=F00918.,schedule immediate service
F00919,M001,2026-03-29T17:05:00,door_seal,0.55,Minor,1,1,1,overheating,heating element degradation,0.83,True,72,237.84,0.084,15.971,65.39,door_seal failed after a 72-hour overheating pattern connected to heating element degradation. Sensor rows in that window carry related_failure_id=F00919.,top up lubricant and inspect bearings
F00920,M016,2026-04-05T02:11:00,trigger_sensor,1.08,Minor,1,1,1,overheating,audio processor overheating,0.98,True,96,80.57,0.206,1.361,77.03,trigger_sensor failed after a 96-hour overheating pattern connected to audio processor overheating. Sensor rows in that window carry related_failure_id=F00920.,schedule immediate service
F00921,M006,2026-04-09T03:04:00,lens_mount,3.84,Moderate,1,1,1,blockage_or_jam,lens mount obstruction,0.82,False,72,53.29,0.17,3.141,64.98,lens_mount failed after a 72-hour blockage_or_jam pattern connected to lens mount obstruction. Sensor rows in that window carry related_failure_id=F00921.,schedule immediate service
F00922,M014,2026-04-12T03:25:00,keypad,7.64,Moderate,1,1,1,sensor_or_control,keypad fault,0.92,True,72,38.33,0.047,0.341,76.76,keypad failed after a 72-hour sensor_or_control pattern connected to keypad fault. Sensor rows in that window carry related_failure_id=F00922.,check power supply and wiring
F00923,M002,2026-04-12T05:06:00,motor,10.64,Major,1,1,1,blockage_or_jam,airflow restriction,0.84,True,72,115.84,2.162,8.988,67.59,motor failed after a 72-hour blockage_or_jam pattern connected to airflow restriction. Sensor rows in that window carry related_failure_id=F00923.,schedule immediate service
F00924,M002,2026-04-18T08:28:00,filter,13.34,Major,1,1,1,overheating,motor overheating,0.92,True,72,73.61,1.415,10.095,68.22,filter failed after a 72-hour overheating pattern connected to motor overheating. Sensor rows in that window carry related_failure_id=F00924.,inspect component and replace if worn
F00925,M001,2026-04-20T04:02:00,door_seal,8.5,Moderate,1,1,1,overheating,heating element degradation,0.79,False,72,280.0,0.098,16.569,73.51,door_seal failed after a 72-hour overheating pattern connected to heating element degradation. Sensor rows in that window carry related_failure_id=F00925.,check power supply and wiring
F00926,M012,2026-04-22T02:44:43,blade_motor,2.0,Minor,1,1,1,electrical_fault,charging port fault,0.92,True,72,46.66,0.516,1.132,46.61,blade_motor failed after a 72-hour electrical_fault pattern connected to charging port fault. Sensor rows in that window carry related_failure_id=F00926.,reset and recalibrate sensor
F00927,M001,2026-04-22T20:18:39,cooling_fan,6.14,Moderate,1,1,1,sensor_or_control,thermal sensor drift,0.96,True,96,238.93,0.077,15.983,72.7,cooling_fan failed after a 96-hour sensor_or_control pattern connected to thermal sensor drift. Sensor rows in that window carry related_failure_id=F00927.,check power supply and wiring
F00928,M005,2026-04-25T14:18:00,pan_tilt_motor,15.24,Major,1,1,1,sensor_or_control,network module fault,0.88,True,48,55.92,0.121,1.189,41.9,pan_tilt_motor failed after a 48-hour sensor_or_control pattern connected to network module fault. Sensor rows in that window carry related_failure_id=F00928.,reset and recalibrate sensor
F00929,M011,2026-04-25T17:49:59,door_interlock,19.9,Major,1,1,1,sensor_or_control,door interlock fault,0.78,True,72,80.93,0.26,9.171,66.78,door_interlock failed after a 72-hour sensor_or_control pattern connected to door interlock fault. Sensor rows in that window carry related_failure_id=F00929.,check power supply and wiring
F00930,M002,2026-04-28T09:02:00,motor,2.54,Moderate,1,1,1,blockage_or_jam,brush roll jam,0.96,True,72,90.59,2.138,8.625,71.47,motor failed after a 72-hour blockage_or_jam pattern connected to brush roll jam. Sensor rows in that window carry related_failure_id=F00930.,schedule immediate service
F00931,M003,2026-05-04T06:59:07,drain_pump,0.97,Minor,1,1,1,blockage_or_jam,drain restriction,0.77,True,24,67.83,0.316,9.305,67.49,drain_pump failed after a 24-hour blockage_or_jam pattern connected to drain restriction. Sensor rows in that window carry related_failure_id=F00931.,schedule immediate service
F00932,M006,2026-05-06T17:28:25,lens_mount,3.25,Moderate,1,1,1,wear_or_lubrication,shutter actuator wear,0.79,True,96,43.49,0.405,3.12,46.12,lens_mount failed after a 96-hour wear_or_lubrication pattern connected to shutter actuator wear. Sensor rows in that window carry related_failure_id=F00932.,top up lubricant and inspect bearings
F00933,M018,2026-05-07T10:03:00,battery_cell,38.01,Critical,1,1,1,electrical_fault,logic board reset,0.81,True,72,38.01,0.038,0.086,76.02,battery_cell failed after a 72-hour electrical_fault pattern connected to logic board reset. Sensor rows in that window carry related_failure_id=F00933.,clean or clear obstruction
F00934,M015,2026-05-08T02:49:00,refrigerant_loop,2.5,Minor,1,1,1,electrical_fault,control board fault,0.8,True,72,58.82,0.719,17.564,26.38,refrigerant_loop failed after a 72-hour electrical_fault pattern connected to control board fault. Sensor rows in that window carry related_failure_id=F00934.,reset and recalibrate sensor
F00935,M016,2026-05-08T06:47:00,trigger_sensor,24.0,Critical,1,1,1,sensor_or_control,trigger sensor drift,0.88,True,72,64.81,0.184,1.137,78.8,trigger_sensor failed after a 72-hour sensor_or_control pattern connected to trigger sensor drift. Sensor rows in that window carry related_failure_id=F00935.,reset and recalibrate sensor
F00936,M007,2026-05-09T12:12:00,imaging_drum,1.78,Minor,1,1,1,blockage_or_jam,paper feed jam,0.96,True,72,182.99,1.136,10.541,43.29,imaging_drum failed after a 72-hour blockage_or_jam pattern connected to paper feed jam. Sensor rows in that window carry related_failure_id=F00936.,clean or clear obstruction
F00937,M005,2026-05-09T20:00:00,network_module,1.51,Minor,1,1,1,wear_or_lubrication,pan tilt motor binding,0.98,False,72,47.66,0.001,1.253,39.01,network_module failed after a 72-hour wear_or_lubrication pattern connected to pan tilt motor binding. Sensor rows in that window carry related_failure_id=F00937.,top up lubricant and inspect bearings
F00938,M001,2026-05-10T02:49:00,cooling_fan,1.02,Minor,1,1,1,pressure_or_airflow,cooling fan failure,0.93,True,72,208.55,0.083,15.627,67.64,cooling_fan failed after a 72-hour pressure_or_airflow pattern connected to cooling fan failure. Sensor rows in that window carry related_failure_id=F00938.,clean or clear obstruction
F00939,M018,2026-05-12T09:04:00,battery_cell,32.28,Critical,1,1,1,sensor_or_control,display segment fault,0.94,True,72,37.56,0.026,0.145,81.74,battery_cell failed after a 72-hour sensor_or_control pattern connected to display segment fault. Sensor rows in that window carry related_failure_id=F00939.,reset and recalibrate sensor
F00940,M008,2026-05-12T15:07:00,drive_motor,6.43,Moderate,1,1,1,overheating,scan head overheating,0.9,True,72,50.72,0.42,3.219,56.22,drive_motor failed after a 72-hour overheating pattern connected to scan head overheating. Sensor rows in that window carry related_failure_id=F00940.,inspect component and replace if worn
F00941,M008,2026-05-13T08:47:00,feed_roller,0.87,Minor,1,1,1,blockage_or_jam,paper path obstruction,0.83,True,72,51.15,0.849,3.556,64.42,feed_roller failed after a 72-hour blockage_or_jam pattern connected to paper path obstruction. Sensor rows in that window carry related_failure_id=F00941.,reset and recalibrate sensor
F00942,M019,2026-05-16T18:38:00,condenser_fan,28.82,Critical,1,1,1,pressure_or_airflow,door seal leak,0.82,True,72,28.82,0.376,5.147,67.24,condenser_fan failed after a 72-hour pressure_or_airflow pattern connected to door seal leak. Sensor rows in that window carry related_failure_id=F00942.,clean or clear obstruction
F00943,M020,2026-05-18T23:51:12,charging_port,9.38,Major,1,1,1,sensor_or_control,audio driver distortion,0.91,True,48,48.31,0.058,0.483,76.07,charging_port failed after a 48-hour sensor_or_control pattern connected to audio driver distortion. Sensor rows in that window carry related_failure_id=F00943.,check power supply and wiring
F00944,M019,2026-05-21T10:19:00,condenser_fan,1.26,Minor,1,1,1,wear_or_lubrication,condenser fan imbalance,0.87,True,72,25.26,0.944,5.001,48.7,condenser_fan failed after a 72-hour wear_or_lubrication pattern connected to condenser fan imbalance. Sensor rows in that window carry related_failure_id=F00944.,inspect component and replace if worn
F00945,M012,2026-05-22T17:49:00,charging_port,16.55,Major,1,1,1,electrical_fault,battery degradation,0.85,True,72,46.34,0.52,1.078,51.67,charging_port failed after a 72-hour electrical_fault pattern connected to battery degradation. Sensor rows in that window carry related_failure_id=F00945.,clean or clear obstruction
F00946,M020,2026-05-23T14:40:00,charging_port,3.15,Moderate,1,1,1,sensor_or_control,audio driver distortion,0.96,True,48,48.15,0.059,0.383,71.21,charging_port failed after a 48-hour sensor_or_control pattern connected to audio driver distortion. Sensor rows in that window carry related_failure_id=F00946.,reset and recalibrate sensor
F00947,M011,2026-05-25T19:09:00,turntable_motor,20.07,Major,1,1,1,sensor_or_control,door interlock fault,0.98,False,72,82.97,0.242,9.41,70.56,turntable_motor failed after a 72-hour sensor_or_control pattern connected to door interlock fault. Sensor rows in that window carry related_failure_id=F00947.,reset and recalibrate sensor
F00948,M004,2026-05-27T12:55:00,speaker_driver,12.02,Major,1,1,1,blockage_or_jam,ventilation blockage,0.88,True,48,65.61,0.001,4.32,74.16,speaker_driver failed after a 48-hour blockage_or_jam pattern connected to ventilation blockage. Sensor rows in that window carry related_failure_id=F00948.,schedule immediate service
F00949,M015,2026-05-28T15:51:00,refrigerant_loop,7.98,Moderate,1,1,1,electrical_fault,control board fault,0.86,True,72,57.32,0.431,13.943,48.99,refrigerant_loop failed after a 72-hour electrical_fault pattern connected to control board fault. Sensor rows in that window carry related_failure_id=F00949.,top up lubricant and inspect bearings
F00950,M018,2026-05-29T00:41:00,keypad_matrix,1.83,Minor,1,1,1,electrical_fault,battery low voltage,0.88,True,72,36.44,0.034,0.146,87.68,keypad_matrix failed after a 72-hour electrical_fault pattern connected to battery low voltage. Sensor rows in that window carry related_failure_id=F00950.,check power supply and wiring
F00951,M019,2026-05-31T15:38:00,condenser_fan,21.65,Major,1,1,1,pressure_or_airflow,door seal leak,0.88,True,72,32.55,0.766,4.899,59.62,condenser_fan failed after a 72-hour pressure_or_airflow pattern connected to door seal leak. Sensor rows in that window carry related_failure_id=F00951.,clean or clear obstruction
F00952,M009,2026-06-04T00:54:00,temperature_sensor,14.67,Major,1,1,1,overheating,induction coil overheating,0.86,True,72,129.25,0.345,19.501,49.97,temperature_sensor failed after a 72-hour overheating pattern connected to induction coil overheating. Sensor rows in that window carry related_failure_id=F00952.,inspect component and replace if worn
F00953,M017,2026-06-04T11:31:21,power_relay,5.69,Moderate,1,1,1,sensor_or_control,thermal sensor drift,0.79,True,72,94.69,0.072,6.615,75.0,power_relay failed after a 72-hour sensor_or_control pattern connected to thermal sensor drift. Sensor rows in that window carry related_failure_id=F00953.,check power supply and wiring
F00954,M015,2026-06-06T16:30:00,refrigerant_loop,8.5,Moderate,1,1,1,electrical_fault,control board fault,0.91,True,24,55.67,0.021,14.97,55.28,refrigerant_loop failed after a 24-hour electrical_fault pattern connected to control board fault. Sensor rows in that window carry related_failure_id=F00954.,check power supply and wiring
F00955,M018,2026-06-07T08:49:00,logic_board,1.36,Minor,1,1,1,sensor_or_control,display segment fault,0.85,True,96,40.97,0.048,0.101,85.92,logic_board failed after a 96-hour sensor_or_control pattern connected to display segment fault. Sensor rows in that window carry related_failure_id=F00955.,reset and recalibrate sensor
F00956,M007,2026-06-07T18:02:04,imaging_drum,4.09,Moderate,1,1,1,blockage_or_jam,paper feed jam,0.79,True,96,184.9,0.151,10.537,43.19,imaging_drum failed after a 96-hour blockage_or_jam pattern connected to paper feed jam. Sensor rows in that window carry related_failure_id=F00956.,schedule immediate service
F00957,M013,2026-06-09T10:01:00,coupler,16.52,Major,1,1,1,blockage_or_jam,blade jam,0.88,True,72,69.15,2.775,6.91,64.5,coupler failed after a 72-hour blockage_or_jam pattern connected to blade jam. Sensor rows in that window carry related_failure_id=F00957.,check power supply and wiring
F00958,M009,2026-06-09T12:38:34,induction_coil,4.62,Moderate,1,1,1,sensor_or_control,temperature sensor drift,0.88,True,72,150.61,0.32,16.868,46.7,induction_coil failed after a 72-hour sensor_or_control pattern connected to temperature sensor drift. Sensor rows in that window carry related_failure_id=F00958.,clean or clear obstruction
F00959,M017,2026-06-10T13:22:00,thermal_sensor,5.33,Moderate,1,1,1,pressure_or_airflow,lid seal leak,0.81,False,24,89.79,0.081,7.345,74.85,thermal_sensor failed after a 24-hour pressure_or_airflow pattern connected to lid seal leak. Sensor rows in that window carry related_failure_id=F00959.,clean or clear obstruction
F00960,M010,2026-06-11T00:08:00,bobbin_case,1.54,Minor,1,1,1,wear_or_lubrication,needle drive vibration,0.87,True,96,49.99,2.1,3.658,47.57,bobbin_case failed after a 96-hour wear_or_lubrication pattern connected to needle drive vibration. Sensor rows in that window carry related_failure_id=F00960.,inspect component and replace if worn
F00961,M006,2026-06-12T07:55:00,image_sensor,2.05,Minor,1,1,1,wear_or_lubrication,shutter actuator wear,0.76,True,72,45.62,0.221,2.932,46.15,image_sensor failed after a 72-hour wear_or_lubrication pattern connected to shutter actuator wear. Sensor rows in that window carry related_failure_id=F00961.,top up lubricant and inspect bearings
F00962,M005,2026-06-15T08:44:42,network_module,18.59,Major,1,1,1,electrical_fault,power board instability,0.87,True,72,45.57,0.104,1.474,56.09,network_module failed after a 72-hour electrical_fault pattern connected to power board instability. Sensor rows in that window carry related_failure_id=F00962.,check power supply and wiring
F00963,M005,2026-06-16T15:25:00,power_board,1.65,Minor,1,1,1,wear_or_lubrication,pan tilt motor binding,0.86,True,96,49.03,0.001,1.337,54.62,power_board failed after a 96-hour wear_or_lubrication pattern connected to pan tilt motor binding. Sensor rows in that window carry related_failure_id=F00963.,top up lubricant and inspect bearings
F00964,M011,2026-06-17T15:55:00,magnetron,5.11,Moderate,1,1,1,sensor_or_control,door interlock fault,0.86,False,48,73.84,0.248,9.069,74.57,magnetron failed after a 48-hour sensor_or_control pattern connected to door interlock fault. Sensor rows in that window carry related_failure_id=F00964.,check power supply and wiring
F00965,M003,2026-06-18T03:59:00,drain_pump,0.53,Minor,1,1,1,overheating,heater fault,0.8,True,72,83.73,0.344,9.293,64.94,drain_pump failed after a 72-hour overheating pattern connected to heater fault. Sensor rows in that window carry related_failure_id=F00965.,inspect component and replace if worn
F00966,M002,2026-06-18T13:21:00,filter,7.72,Moderate,1,1,1,overheating,motor overheating,0.82,True,72,107.6,0.655,8.644,62.81,filter failed after a 72-hour overheating pattern connected to motor overheating. Sensor rows in that window carry related_failure_id=F00966.,check power supply and wiring
F00967,M016,2026-06-20T09:16:00,power_input,0.73,Minor,1,1,1,overheating,audio processor overheating,0.97,False,72,63.51,0.209,1.253,75.62,power_input failed after a 72-hour overheating pattern connected to audio processor overheating. Sensor rows in that window carry related_failure_id=F00967.,schedule immediate service
F00968,M014,2026-06-20T18:58:00,battery_pack,4.26,Moderate,1,1,1,electrical_fault,charging contact corrosion,0.84,True,72,41.17,0.05,0.326,88.6,battery_pack failed after a 72-hour electrical_fault pattern connected to charging contact corrosion. Sensor rows in that window carry related_failure_id=F00968.,reset and recalibrate sensor
F00969,M002,2026-06-24T06:48:00,brush_roll,1.89,Minor,1,1,1,blockage_or_jam,airflow restriction,0.94,True,72,63.98,1.984,10.058,66.64,brush_roll failed after a 72-hour blockage_or_jam pattern connected to airflow restriction. Sensor rows in that window carry related_failure_id=F00969.,top up lubricant and inspect bearings
F00970,M017,2026-06-25T23:39:00,thermal_sensor,2.06,Minor,1,1,1,pressure_or_airflow,lid seal leak,0.79,True,72,79.85,0.087,6.641,76.11,thermal_sensor failed after a 72-hour pressure_or_airflow pattern connected to lid seal leak. Sensor rows in that window carry related_failure_id=F00970.,inspect component and replace if worn
F00971,M005,2026-06-28T19:32:00,power_board,4.34,Moderate,1,1,1,electrical_fault,power board instability,0.83,True,72,47.51,0.36,1.483,41.08,power_board failed after a 72-hour electrical_fault pattern connected to power board instability. Sensor rows in that window carry related_failure_id=F00971.,check power supply and wiring
F00972,M009,2026-06-28T22:06:00,extractor_fan,2.92,Moderate,1,1,1,overheating,induction coil overheating,0.97,True,72,125.04,0.326,19.262,46.99,extractor_fan failed after a 72-hour overheating pattern connected to induction coil overheating. Sensor rows in that window carry related_failure_id=F00972.,schedule immediate service
F00973,M016,2026-07-01T23:19:00,audio_processor,20.81,Major,1,1,1,electrical_fault,power input noise,0.88,True,72,54.74,0.193,1.449,74.59,audio_processor failed after a 72-hour electrical_fault pattern connected to power input noise. Sensor rows in that window carry related_failure_id=F00973.,reset and recalibrate sensor
F00974,M016,2026-07-03T04:02:00,mounting_clamp,46.79,Critical,1,1,1,overheating,audio processor overheating,0.77,True,72,75.73,0.206,1.564,79.19,mounting_clamp failed after a 72-hour overheating pattern connected to audio processor overheating. Sensor rows in that window carry related_failure_id=F00974.,check power supply and wiring
F00975,M002,2026-07-04T00:40:00,filter,8.5,Moderate,1,1,1,blockage_or_jam,airflow restriction,0.78,False,72,51.9,2.398,8.563,66.25,filter failed after a 72-hour blockage_or_jam pattern connected to airflow restriction. Sensor rows in that window carry related_failure_id=F00975.,clean or clear obstruction
F00976,M013,2026-07-06T10:15:00,drive_motor,3.17,Moderate,1,1,1,overheating,motor overheating,0.77,True,24,76.11,1.437,6.794,83.09,drive_motor failed after a 24-hour overheating pattern connected to motor overheating. Sensor rows in that window carry related_failure_id=F00976.,check power supply and wiring
F00977,M013,2026-07-06T14:52:00,drive_motor,1.67,Minor,1,1,1,wear_or_lubrication,coupler wear,0.88,True,72,117.62,1.972,6.791,49.96,drive_motor failed after a 72-hour wear_or_lubrication pattern connected to coupler wear. Sensor rows in that window carry related_failure_id=F00977.,top up lubricant and inspect bearings
F00978,M020,2026-07-07T01:16:00,battery_pack,9.26,Major,1,1,1,electrical_fault,battery degradation,0.88,True,72,40.57,0.056,0.485,84.96,battery_pack failed after a 72-hour electrical_fault pattern connected to battery degradation. Sensor rows in that window carry related_failure_id=F00978.,reset and recalibrate sensor
F00979,M020,2026-07-07T07:12:25,audio_driver,9.74,Major,1,1,1,electrical_fault,charging port fault,0.87,True,72,43.75,0.066,0.52,81.01,audio_driver failed after a 72-hour electrical_fault pattern connected to charging port fault. Sensor rows in that window carry related_failure_id=F00979.,reset and recalibrate sensor
F00980,M005,2026-07-08T08:44:00,pan_tilt_motor,7.61,Moderate,1,1,1,sensor_or_control,network module fault,0.76,True,72,61.31,0.053,1.399,39.86,pan_tilt_motor failed after a 72-hour sensor_or_control pattern connected to network module fault. Sensor rows in that window carry related_failure_id=F00980.,check power supply and wiring
F00981,M004,2026-07-08T12:09:00,speaker_driver,6.9,Moderate,1,1,1,sensor_or_control,speaker driver distortion,0.83,True,96,28.94,0.482,4.094,77.78,speaker_driver failed after a 96-hour sensor_or_control pattern connected to speaker driver distortion. Sensor rows in that window carry related_failure_id=F00981.,check power supply and wiring
F00982,M006,2026-07-08T20:07:00,battery_pack,1.61,Minor,1,1,1,electrical_fault,battery voltage sag,0.92,True,72,44.26,0.306,3.995,61.34,battery_pack failed after a 72-hour electrical_fault pattern connected to battery voltage sag. Sensor rows in that window carry related_failure_id=F00982.,reset and recalibrate sensor
F00983,M004,2026-07-09T09:05:56,cooling_path,16.58,Major,1,1,1,sensor_or_control,speaker driver distortion,0.78,True,72,56.08,0.162,3.466,74.0,cooling_path failed after a 72-hour sensor_or_control pattern connected to speaker driver distortion. Sensor rows in that window carry related_failure_id=F00983.,clean or clear obstruction
F00984,M011,2026-07-12T04:22:00,magnetron,0.88,Minor,1,1,1,sensor_or_control,door interlock fault,0.94,True,96,84.88,0.248,9.02,65.43,magnetron failed after a 96-hour sensor_or_control pattern connected to door interlock fault. Sensor rows in that window carry related_failure_id=F00984.,reset and recalibrate sensor
F00985,M018,2026-07-13T23:41:01,keypad_matrix,3.77,Moderate,1,1,1,sensor_or_control,keypad contact issue,0.95,True,72,44.68,0.024,0.034,86.36,keypad_matrix failed after a 72-hour sensor_or_control pattern connected to keypad contact issue. Sensor rows in that window carry related_failure_id=F00985.,reset and recalibrate sensor
F00986,M020,2026-07-15T00:29:00,audio_driver,3.53,Moderate,1,1,1,sensor_or_control,audio driver distortion,0.81,True,72,47.26,0.062,0.415,78.3,audio_driver failed after a 72-hour sensor_or_control pattern connected to audio driver distortion. Sensor rows in that window carry related_failure_id=F00986.,inspect component and replace if worn
F00987,M002,2026-07-16T02:27:00,hose,3.4,Moderate,1,1,1,blockage_or_jam,airflow restriction,0.91,True,48,72.19,1.354,8.951,73.38,hose failed after a 48-hour blockage_or_jam pattern connected to airflow restriction. Sensor rows in that window carry related_failure_id=F00987.,clean or clear obstruction
F00988,M005,2026-07-17T19:43:00,power_board,14.93,Major,1,1,1,wear_or_lubrication,pan tilt motor binding,0.93,False,72,51.48,0.493,1.292,30.4,power_board failed after a 72-hour wear_or_lubrication pattern connected to pan tilt motor binding. Sensor rows in that window carry related_failure_id=F00988.,inspect component and replace if worn
F00989,M011,2026-07-20T04:54:00,turntable_motor,20.82,Major,1,1,1,sensor_or_control,door interlock fault,0.89,True,72,91.29,0.247,9.252,67.87,turntable_motor failed after a 72-hour sensor_or_control pattern connected to door interlock fault. Sensor rows in that window carry related_failure_id=F00989.,check power supply and wiring
F00990,M019,2026-07-21T12:26:00,door_seal,14.55,Major,1,1,1,pressure_or_airflow,door seal leak,0.84,True,72,34.31,1.007,4.963,56.57,door_seal failed after a 72-hour pressure_or_airflow pattern connected to door seal leak. Sensor rows in that window carry related_failure_id=F00990.,clean or clear obstruction
F00991,M006,2026-07-21T21:20:50,battery_pack,2.44,Moderate,1,1,1,blockage_or_jam,lens mount obstruction,0.84,True,72,44.22,0.255,3.025,62.97,battery_pack failed after a 72-hour blockage_or_jam pattern connected to lens mount obstruction. Sensor rows in that window carry related_failure_id=F00991.,clean or clear obstruction
F00992,M010,2026-07-21T23:56:00,bobbin_case,5.72,Moderate,1,1,1,wear_or_lubrication,needle drive vibration,0.87,True,72,60.54,1.564,3.609,37.31,bobbin_case failed after a 72-hour wear_or_lubrication pattern connected to needle drive vibration. Sensor rows in that window carry related_failure_id=F00992.,reset and recalibrate sensor
F00993,M005,2026-07-24T02:38:00,image_sensor,0.59,Minor,1,1,1,sensor_or_control,network module fault,0.94,True,72,55.34,0.102,1.198,53.03,image_sensor failed after a 72-hour sensor_or_control pattern connected to network module fault. Sensor rows in that window carry related_failure_id=F00993.,inspect component and replace if worn
F00994,M009,2026-07-24T08:35:01,extractor_fan,1.15,Minor,1,1,1,electrical_fault,power module fault,0.86,True,72,150.08,0.334,20.436,44.15,extractor_fan failed after a 72-hour electrical_fault pattern connected to power module fault. Sensor rows in that window carry related_failure_id=F00994.,top up lubricant and inspect bearings
F00995,M013,2026-07-26T23:19:01,drive_motor,14.73,Major,1,1,1,blockage_or_jam,blade jam,0.84,True,48,90.04,2.186,6.238,57.48,drive_motor failed after a 48-hour blockage_or_jam pattern connected to blade jam. Sensor rows in that window carry related_failure_id=F00995.,clean or clear obstruction
F00996,M005,2026-07-29T03:43:00,power_board,2.5,Minor,1,1,1,electrical_fault,power board instability,0.9,True,48,49.13,0.116,1.691,46.4,power_board failed after a 48-hour electrical_fault pattern connected to power board instability. Sensor rows in that window carry related_failure_id=F00996.,check power supply and wiring
F00997,M012,2026-07-31T08:26:00,charging_port,8.01,Moderate,1,1,1,electrical_fault,battery degradation,0.84,True,72,41.97,0.511,1.329,55.48,charging_port failed after a 72-hour electrical_fault pattern connected to battery degradation. Sensor rows in that window carry related_failure_id=F00997.,reset and recalibrate sensor
F00998,M018,2026-08-02T05:23:00,lcd_display,8.8,Major,1,1,1,sensor_or_control,display segment fault,0.77,True,48,39.39,0.035,0.087,79.93,lcd_display failed after a 48-hour sensor_or_control pattern connected to display segment fault. Sensor rows in that window carry related_failure_id=F00998.,reset and recalibrate sensor
F00999,M002,2026-08-03T04:16:00,motor,3.34,Moderate,1,1,1,blockage_or_jam,airflow restriction,0.88,True,72,73.52,0.74,10.108,70.62,motor failed after a 72-hour blockage_or_jam pattern connected to airflow restriction. Sensor rows in that window carry related_failure_id=F00999.,schedule immediate service
F01000,M012,2026-08-12T20:53:00,blade_motor,3.55,Moderate,1,1,1,electrical_fault,charging port fault,0.8,True,72,49.94,0.484,1.243,51.66,blade_motor failed after a 72-hour electrical_fault pattern connected to charging port fault. Sensor rows in that window carry related_failure_id=F01000.,check power supply and wiring
